,info,date,rating,title
0,"Verified User
          현직원 · J***** · IT 엔지니어 - 2023.08.17",2023.08.17,Rating Score1.0,“미래는 절대 없는 회사”
1,"Verified User
          현직원 · e***** · 마케팅·홍보 전문가 - 2023.11.28",2023.11.28,Rating Score4.0,“좋은회사인데 운이좋아야 좋은 회사”
2,"Verified User
          현직원 · l******** · IT 엔지니어 - 2023.11.28",2023.11.28,Rating Score4.0,“각종 규제와 삼성그룹의 영향력으로 새로운 시도가 어려운 회사”
3,"Verified User
          현직원 · T***** · 금융상담·관리 전문가 - 2023.11.26",2023.11.26,Rating Score5.0,“평생다니고싶은회사”
4,"Verified User
          현직원 · R***** · 마케팅·홍보 전문가 - 2023.11.21",2023.11.21,Rating Score4.0,“돈은 많이주는회사”
5,"Verified User
          현직원 · 집***** · 영업 전문가 - 2023.11.19",2023.11.19,Rating Score3.0,“조용히일만해야되는회사”
6,"Verified User
          현직원 · E****** · 경영지원·관리 전문가 - 2023.11.19",2023.11.19,Rating Score5.0,“고연봉 좋은복지”
7,"Verified User
          현직원 · o***** · IT 기획·매니지먼트 전문가 - 2023.11.16",2023.11.16,Rating Score4.0,"“금융권, 삼성”"
8,"Verified User
          현직원 · V***** · 고객상담 전문가 - 2023.11.13",2023.11.13,Rating Score4.0,“좋은회사”
9,"Verified User
          현직원 · |******** · 금융상담·관리 전문가 - 2023.11.06",2023.11.06,Rating Score4.0,“부바부이나 워라벨 보장 가능에 문화 괜찮은 편”
10,"Verified User
          현직원 · q********* · 경영지원·관리 전문가 - 2023.11.04",2023.11.04,Rating Score5.0,“이정도면 정말 괜찮은 회사”
11,"Verified User
          현직원 · P***** · 경영지원·관리 전문가 - 2023.10.30",2023.10.30,Rating Score2.0,“다니면서 만족하기 힘든회사”
12,"Verified User
          현직원 · W***** · 금융상담·관리 전문가 - 2023.10.24",2023.10.24,Rating Score3.0,“부서뽑기만 잘하면 다니기 좋은 회사”
13,"Verified User
          현직원 · s******** · 회계·세무·재무 전문가 - 2023.10.21",2023.10.21,Rating Score3.0,“워라벨 좋고 잘하면 정년까지 버틸 수도 있음”
14,"Verified User
          현직원 · l******* · 영업 전문가 - 2023.10.20",2023.10.20,Rating Score3.0,“돈은 괜찮게 주지만 꼰대많고 보수적문화인 전형적 금융회사”
15,"Verified User
          현직원 · j***** · 상품기획·MD·디자이너 - 2023.10.18",2023.10.18,Rating Score5.0,“여태 다닌 회사중 최고”
16,"Verified User
          현직원 · l******** · 경영전략·사업기획·분석전문가 - 2023.10.12",2023.10.12,Rating Score3.0,“큰 기대 안하면 다닐만한 곳”
17,"Verified User
          현직원 · d****** · 경영전략·사업기획·분석전문가 - 2023.10.06",2023.10.06,Rating Score4.0,“케바케지만 좋은 부서는 좋음”
18,"Verified User
          현직원 · l***** · IT 엔지니어 - 2023.10.02",2023.10.02,Rating Score4.0,“직무마다 매우 다른 회사”
19,"Verified User
          현직원 · o***** · IT 엔지니어 - 2023.09.30",2023.09.30,Rating Score3.0,“회사를 위한 임원이 있는가”
20,"Verified User
          현직원 · S***** · 고객서비스 전문가 - 2023.09.27",2023.09.27,Rating Score4.0,"“급여, 워라밸은 훌륭한 편”"
21,"Verified User
          현직원 · 삼******* · 마케팅·홍보 전문가 - 2023.09.25",2023.09.25,Rating Score5.0,“좋은 회사인데 그룹의 간섭으로 제대로 평가받지 못하는 회사”
22,"Verified User
          현직원 · i********* · IT 기획·매니지먼트 전문가 - 2023.09.14",2023.09.14,Rating Score4.0,“여러방면에서 무난한 회사”
23,"Verified User
          현직원 · 후** · 항공운항·서비스 전문가 - 2023.09.07",2023.09.07,Rating Score4.0,“근무환경 좋은 회사”
24,"Verified User
          현직원 · s***** · IT 기획·매니지먼트 전문가 - 2023.09.04",2023.09.04,Rating Score3.0,“그냥 저냥인 회사”
25,"Verified User
          현직원 · 꽃* · 경영지원·관리 전문가 - 2023.09.04",2023.09.04,Rating Score3.0,“업계1위지만 급여는 아닌”
26,"Verified User
          현직원 · f***** · 경영지원·관리 전문가 - 2023.08.19",2023.08.19,Rating Score5.0,“대한민국에서 비교하면 그래도 상위 1%안에 들만한 회사”
27,"Verified User
          현직원 · j********* · IT 기획·매니지먼트 전문가 - 2023.08.15",2023.08.15,Rating Score4.0,“딱딱한 보험사”
28,"Verified User
          현직원 · 1***** · 경영지원·관리 전문가 - 2023.08.13",2023.08.13,Rating Score2.0,“- 보고로 살고 보고로 죽는 회사”
29,"Verified User
          현직원 · 허***** · 금융상담·관리 전문가 - 2023.08.08",2023.08.08,Rating Score4.0,“직무에 따라 천차만별 아예 다른 회사라고도 보임”
30,"Verified User
          현직원 · C***** · 금융상담·관리 전문가 - 2023.08.07",2023.08.07,Rating Score4.0,“워라밸은 남부럽지 않고 적당히 다닐만한 회사”
31,"Verified User
          현직원 · l********* · 경영전략·사업기획·분석전문가 - 2023.08.07",2023.08.07,Rating Score4.0,“안에서는 잘 모르지만 밖에서 보면 좋은 회사”
32,"Verified User
          현직원 · Y***** · 경영전략·사업기획·분석전문가 - 2023.08.03",2023.08.03,Rating Score3.0,“비전은 없지만 생각없이 다니기 좋은 회사”
33,"Verified User
          현직원 · c**** · 경영전략·사업기획·분석전문가 - 2023.07.24",2023.07.24,Rating Score3.0,“애매한회사”
34,"Verified User
          현직원 · 마***** · 정보보안·IT보안 - 2023.07.20",2023.07.20,Rating Score3.0,“워라밸 안좋음. 급여 불만족. 문화 커리어는 만족”
35,"Verified User
          현직원 · i***** · 고객서비스 전문가 - 2023.07.19",2023.07.19,Rating Score1.0,“늙은이들이 너무 많아 발전가능성 제로”
36,"Verified User
          현직원 · 보* · 고객서비스 전문가 - 2023.07.19",2023.07.19,Rating Score3.0,“커리어 향상에 좋은 회사”
37,"Verified User
          현직원 · 멜*** · 경영지원·관리 전문가 - 2023.07.18",2023.07.18,Rating Score4.0,“나쁘지않지만 아쉬운”
38,"Verified User
          전직원 · 언***** · 경영전략·사업기획·분석전문가 - 2023.07.07",2023.07.07,Rating Score3.0,“그냥저냥 다닐만한 회사”
39,"Verified User
          전직원 · z**** · 경영지원·관리 전문가 - 2023.07.06",2023.07.06,Rating Score2.0,“삼성이란 이름 값 빼고 다 별로인 회사”
40,"Verified User
          현직원 · !******* · 경영지원·관리 전문가 - 2023.06.28",2023.06.28,Rating Score5.0,“지속 성장하는 자타공인 국내손보 1위사”
41,"Verified User
          현직원 · a***** · 경영지원·관리 전문가 - 2023.06.27",2023.06.27,Rating Score3.0,“워라벨이 보장되는 회사”
42,"Verified User
          현직원 · e***** · 고객서비스 전문가 - 2023.06.24",2023.06.24,Rating Score5.0,“네임밸류는 있는 회사”
43,"Verified User
          현직원 · 6**** · 금융상담·관리 전문가 - 2023.06.17",2023.06.17,Rating Score5.0,“워라밸 보장되는 회사”
44,"Verified User
          현직원 · w***** · 경영지원·관리 전문가 - 2023.06.17",2023.06.17,Rating Score3.0,“전보다 나아졌다지만”
45,"Verified User
          현직원 · x***** · 영업 전문가 - 2023.06.15",2023.06.15,Rating Score3.0,“그냥 저냥”
46,"Verified User
          현직원 · j***** · 경영지원·관리 전문가 - 2023.06.14",2023.06.14,Rating Score3.0,“안정적으로 다닐 수 있는 회사”
47,"Verified User
          현직원 · k****** · 금융상담·관리 전문가 - 2023.05.30",2023.05.30,Rating Score4.0,“이름값을 못하는 회사”
48,"Verified User
          현직원 · 피** · 마케팅·홍보 전문가 - 2023.05.25",2023.05.25,Rating Score2.0,“2000년 이전에 멈춰있는 회사”
49,"Verified User
          현직원 · 먹******* · 회계·세무·재무 전문가 - 2023.05.25",2023.05.25,Rating Score3.0,“나쁘지 않다”
50,"Verified User
          현직원 · e***** · 영업 전문가 - 2023.05.21",2023.05.21,Rating Score2.0,“그냥 돈벌로 다니는 회사”
51,"Verified User
          현직원 · P***** · 회계·세무·재무 전문가 - 2023.05.20",2023.05.20,Rating Score5.0,“만족하면서 다님”
52,"Verified User
          현직원 · C***** · 영업 전문가 - 2023.05.19",2023.05.19,Rating Score2.0,“대기업이 이렇게 계획이 없다고?”
53,"Verified User
          현직원 · 또*** · 금융상담·관리 전문가 - 2023.05.16",2023.05.16,Rating Score1.0,“입사하면 보험 외 경력 단절...”
54,"Verified User
          현직원 · 도***** · 회계·세무·재무 전문가 - 2023.05.16",2023.05.16,Rating Score4.0,“좋은 회사”
55,"Verified User
          현직원 · k***** · 고객서비스 전문가 - 2023.05.14",2023.05.14,Rating Score5.0,“워라밸 최고”
56,"Verified User
          현직원 · 점**** · 경영지원·관리 전문가 - 2023.05.14",2023.05.14,Rating Score5.0,“문화는 조금씩 나아져가는 회사”
57,"Verified User
          현직원 · l********* · 영업 전문가 - 2023.05.11",2023.05.11,Rating Score2.0,“워라밸은 좋으나 그 이상 그 이하도 없는 뒤로 가는 회사”
58,"Verified User
          현직원 · S***** · 고객상담 전문가 - 2023.05.11",2023.05.11,Rating Score4.0,“근로환경이 개선되어가는중”
59,"Verified User
          현직원 · l********* · 경영지원·관리 전문가 - 2023.05.10",2023.05.10,Rating Score3.0,“영광은 경영진의 기억속에만 존재”
60,"Verified User
          현직원 · G****** · 해외영업·사업개발·마케팅 - 2023.05.05",2023.05.05,Rating Score3.0,“보수적인 대기업의 느낌 가득”
61,"Verified User
          현직원 · r****** · 경영지원·관리 전문가 - 2023.05.04",2023.05.04,Rating Score3.0,“보수적 경직적인 꼰대문화”
62,"Verified User
          현직원 · 손**** · 금융상담·관리 전문가 - 2023.05.03",2023.05.03,Rating Score4.0,“보험커리어 말고는 단절인 회사”
63,"Verified User
          현직원 · q********* · 경영지원·관리 전문가 - 2023.05.02",2023.05.02,Rating Score5.0,“전반적으로 수준이 높은 회사”
64,"Verified User
          현직원 · 좋***** · 금융상담·관리 전문가 - 2023.04.30",2023.04.30,Rating Score3.0,“점점 나아지는 중 그러나 부족함”
65,"Verified User
          현직원 · U***** · 경영지원·관리 전문가 - 2023.04.26",2023.04.26,Rating Score3.0,“워라밸이 보장되는 회사”
66,"Verified User
          현직원 · k***** · IT 엔지니어 - 2023.04.25",2023.04.25,Rating Score5.0,"“급여 괜찮고, 업무강도는 낮음”"
67,"Verified User
          현직원 · u***** · 금융상담·관리 전문가 - 2023.04.22",2023.04.22,Rating Score4.0,“상급자가 나보다 못한 회사”
68,"Verified User
          현직원 · F***** · 영업 전문가 - 2023.04.21",2023.04.21,Rating Score5.0,“웨라벨 보장회사”
69,"Verified User
          현직원 · n***** · 마케팅·홍보 전문가 - 2023.04.20",2023.04.20,Rating Score2.0,“도망치듯 퇴근함”
70,"Verified User
          현직원 · 미**** · 금융상담·관리 전문가 - 2023.04.19",2023.04.19,Rating Score4.0,“워라밸 좋음 물론 직무마다 다름”
71,"Verified User
          현직원 · Y***** · 금융상담·관리 전문가 - 2023.04.19",2023.04.19,Rating Score3.0,“보너스에 좌지우지되는 회사”
72,"Verified User
          현직원 · z********* · IT 기획·매니지먼트 전문가 - 2023.04.10",2023.04.10,Rating Score4.0,“이정도면 감사한 마음으로 다닙니다”
73,"Verified User
          현직원 · a*** · 마케팅·홍보 전문가 - 2023.04.10",2023.04.10,Rating Score4.0,“월급쟁이가 이정도면 훌륭하지...”
74,"Verified User
          현직원 · d******* · 경영지원·관리 전문가 - 2023.04.09",2023.04.09,Rating Score4.0,“괜춘”
75,"Verified User
          현직원 · M***** · 영업 전문가 - 2023.04.06",2023.04.06,Rating Score3.0,“아무 생각없이 다니면 편한 회사”
76,"Verified User
          전직원 · d********* · 금융상담·관리 전문가 - 2023.04.05",2023.04.05,Rating Score4.0,“워라벨이 보장된다”
77,"Verified User
          현직원 · i****** · 경영지원·관리 전문가 - 2023.04.04",2023.04.04,Rating Score2.0,“빛좋은개살구..?”
78,"Verified User
          현직원 · A***** · 금융상담·관리 전문가 - 2023.03.31",2023.03.31,Rating Score5.0,“빡세게 일하는 회사”
79,"Verified User
          현직원 · n***** · 영업 전문가 - 2023.03.27",2023.03.27,Rating Score3.0,“워라밸이 보장 안되는회사”
80,"Verified User
          현직원 · h****** · IT 기획·매니지먼트 전문가 - 2023.03.24",2023.03.24,Rating Score5.0,“PS가 빵빵한 회사”
81,"Verified User
          현직원 · A***** · 회계·세무·재무 전문가 - 2023.03.24",2023.03.24,Rating Score2.0,“꿈없이 다니면 편한 회사”
82,"Verified User
          현직원 · H***** · 회계·세무·재무 전문가 - 2023.03.22",2023.03.22,Rating Score4.0,“많이 좋아지고 있지만 뿌리 뽑긴 힘든 회사”
83,"Verified User
          현직원 · A***** · 영업 전문가 - 2023.03.21",2023.03.21,Rating Score4.0,“다른 회사와 비교해봤을때 재평가되는 회사”
84,"Verified User
          현직원 · f********* · 경영지원·관리 전문가 - 2023.03.20",2023.03.20,Rating Score3.0,"“지나치게 보수적, 워라벨은 좋아지는 중”"
85,"Verified User
          현직원 · R***** · IT 엔지니어 - 2023.03.20",2023.03.20,Rating Score5.0,“워라벨 하나는 기가막힌다”
86,"Verified User
          현직원 · h***** · 영업 전문가 - 2023.03.18",2023.03.18,Rating Score3.0,“선장이 산으로 몰고가는 배”
87,"Verified User
          현직원 · S***** · 경영지원·관리 전문가 - 2023.03.17",2023.03.17,Rating Score3.0,“일잘하는 사람은 더 많은 일을 주고 못하면 쉬면서할수 있음”
88,"Verified User
          현직원 · l********* · 경영지원·관리 전문가 - 2023.03.17",2023.03.17,Rating Score3.0,“워라벨이  보장되고싶은 회사”
89,"Verified User
          현직원 · l******* · 정보보안·IT보안 - 2023.03.17",2023.03.17,Rating Score3.0,“일하는 사람만 일하는 회사”
90,"Verified User
          전직원 · t***** · 금융상담·관리 전문가 - 2023.03.17",2023.03.17,Rating Score3.0,“조직과 인력이 비교적 체계적으로 관리가 되는 회사 ”
91,"Verified User
          현직원 · r***** · 경영지원·관리 전문가 - 2023.03.16",2023.03.16,Rating Score2.0,“업계 1위같아 보이는 회사”
92,"Verified User
          현직원 · T***** · 고객서비스 전문가 - 2023.03.16",2023.03.16,Rating Score3.0,“심사직 워라벨 보장 없음”
93,"Verified User
          현직원 · i******* · 영업 전문가 - 2023.03.13",2023.03.13,Rating Score1.0,“삼성그룹 소속이라는 자부심”
94,"Verified User
          현직원 · q********* · 영업 전문가 - 2023.03.11",2023.03.11,Rating Score5.0,“안정적인 대기업”
95,"Verified User
          현직원 · j***** · 영업 전문가 - 2023.03.10",2023.03.10,Rating Score3.0,“안정적인 대기업”
96,"Verified User
          현직원 · 회****** · 고객서비스 전문가 - 2023.03.09",2023.03.09,Rating Score3.0,“평점으로 얘기한다”
97,"Verified User
          현직원 · s******** · 금융상담·관리 전문가 - 2023.03.05",2023.03.05,Rating Score3.0,“현장과 스텝의 균형이 없음”
98,"Verified User
          현직원 · b***** · 간호사 - 2023.03.04",2023.03.04,Rating Score3.0,“적당한회사”
99,"Verified User
          현직원 · i******* · 경영지원·관리 전문가 - 2023.02.28",2023.02.28,Rating Score4.0,“마음 놓고 다니면 좋음”
100,"Verified User
          현직원 · :********* · IT 기획·매니지먼트 전문가 - 2023.02.27",2023.02.27,Rating Score3.0,“나쁘지 않으나 좋지도 않음”
101,"Verified User
          현직원 · 수**** · 회계·세무·재무 전문가 - 2023.02.27",2023.02.27,Rating Score4.0,“초일류를 지향하나 직원들에게는 짠 회사”
102,"Verified User
          현직원 · o***** · 연구개발(R&D) - 2023.02.13",2023.02.13,Rating Score5.0,“비금융사 경력 입사”
103,"Verified User
          현직원 · 도*** · 금융상담·관리 전문가 - 2023.02.12",2023.02.12,Rating Score3.0,“옛날회사”
104,"Verified User
          현직원 · v***** · IT 엔지니어 - 2023.02.10",2023.02.10,Rating Score1.0,“급여는 나쁘지 않지만 경직된 수직 문화 그 자체”
105,"Verified User
          현직원 · l********* · 금융상담·관리 전문가 - 2023.02.06",2023.02.06,Rating Score4.0,“국내에서 알아주는 보험사”
106,"Verified User
          현직원 · k********* · 회계·세무·재무 전문가 - 2023.02.05",2023.02.05,Rating Score1.0,“뒷담화에 정치하는 놈들만의 잔치”
107,"Verified User
          현직원 · 하****** · 영업 전문가 - 2023.02.02",2023.02.02,Rating Score4.0,“그럭저럭 괜찮아요”
108,"Verified User
          현직원 · 1*** · 경영지원·관리 전문가 - 2023.01.31",2023.01.31,Rating Score3.0,“매우 보수적이고 폐쇄적인 조직문화”
109,"Verified User
          현직원 · i**** · 영업 전문가 - 2023.01.29",2023.01.29,Rating Score1.0,“영업이 인정받지 못하는  회사”
110,"Verified User
          현직원 · S***** · 고객서비스 전문가 - 2023.01.29",2023.01.29,Rating Score1.0,“믿을건 ps뿐”
111,"Verified User
          현직원 · 비***** · 금융상담·관리 전문가 - 2023.01.26",2023.01.26,Rating Score2.0,“기본적인 복지 다 있고 최악까진 아님”
112,"Verified User
          현직원 · q********* · 마케팅·홍보 전문가 - 2023.01.25",2023.01.25,Rating Score5.0,“워라밸 및 ps”
113,"Verified User
          현직원 · q***** · 영업 전문가 - 2023.01.24",2023.01.24,Rating Score4.0,“편하게 다니고자 하면 가능”
114,"Verified User
          현직원 · 감***** · 경영지원·관리 전문가 - 2023.01.23",2023.01.23,Rating Score4.0,“급여 많이 주는편”
115,"Verified User
          현직원 · i********* · 고객상담 전문가 - 2023.01.22",2023.01.22,Rating Score2.0,“열일 안하고 적당히 다니면 좋은회사”
116,"Verified User
          현직원 · V***** · 금융상담·관리 전문가 - 2023.01.21",2023.01.21,Rating Score3.0,“고인물 썩인 회사”
117,"Verified User
          현직원 · 앙*** · 고객상담 전문가 - 2023.01.18",2023.01.18,Rating Score3.0,“그냥 뭐...”
118,"Verified User
          현직원 · C***** · IT 기획·매니지먼트 전문가 - 2023.01.14",2023.01.14,Rating Score3.0,“커리어 욕심 없이 편하게 다니기 좋은 회사”
119,"Verified User
          현직원 · C***** · 고객서비스 전문가 - 2023.01.10",2023.01.10,Rating Score4.0,“급여와 복지가 좋음”
120,"Verified User
          현직원 · 1********* · 경영지원·관리 전문가 - 2023.01.09",2023.01.09,Rating Score3.0,“현장은 지옥”
121,"Verified User
          현직원 · a***** · 영업 전문가 - 2023.01.03",2023.01.03,Rating Score5.0,“네임벨류 좋고 워라벨 좋고 만족합니다”
122,"Verified User
          현직원 · s******** · 금융상담·관리 전문가 - 2022.12.25",2022.12.25,Rating Score3.0,“워라벨만 보장되는 회사”
123,"Verified User
          현직원 · 1********* · 경영지원·관리 전문가 - 2022.12.16",2022.12.16,Rating Score3.0,“워라벨은 있지만 변화가 필요”
124,"Verified User
          현직원 · w********* · IT 엔지니어 - 2022.12.13",2022.12.13,Rating Score5.0,“놀먹하기 좋은회사”
125,"Verified User
          현직원 · q********* · 금융상담·관리 전문가 - 2022.12.07",2022.12.07,Rating Score5.0,“좋아지고 있는 기업”
126,"Verified User
          현직원 · d****** · 경영지원·관리 전문가 - 2022.12.04",2022.12.04,Rating Score3.0,“워라밸은 좋지만..”
127,"Verified User
          현직원 · 닉****** · 경영지원·관리 전문가 - 2022.11.30",2022.11.30,Rating Score1.0,“워라벨 보장 가능”
128,"Verified User
          현직원 · f********* · 영업 전문가 - 2022.11.30",2022.11.30,Rating Score3.0,“장점도 단점도 대기업이라는 것”
129,"Verified User
          현직원 · u**** · 경영지원·관리 전문가 - 2022.11.23",2022.11.23,Rating Score3.0,“이정도면 워라밸 보장되고 돈 잘나오고 그냥 발전포기하면 다닐만함.”
130,"Verified User
          현직원 · h****** · 영업 전문가 - 2022.11.22",2022.11.22,Rating Score5.0,“많이 나아지고 있다 생각합니다.”
131,"Verified User
          현직원 · K***** · 해외영업·사업개발·마케팅 - 2022.11.22",2022.11.22,Rating Score5.0,“보통인 회사”
132,"Verified User
          현직원 · 워**** · 고객서비스 전문가 - 2022.11.21",2022.11.21,Rating Score3.0,“좋지않습니다”
133,"Verified User
          현직원 · 으** · 영업 전문가 - 2022.11.10",2022.11.10,Rating Score3.0,“워라밸이 있지만 급여안정은 없는…”
134,"Verified User
          현직원 · h********* · IT 엔지니어 - 2022.11.07",2022.11.07,Rating Score4.0,“급여괜찮고 업무강도는 적당히 있음 기업문화는 보수적인편”
135,"Verified User
          현직원 · j***** · IT 엔지니어 - 2022.11.06",2022.11.06,Rating Score4.0,“워라밸 좋고 PS 잘나오면 급여 나쁘지 않습니다~”
136,"Verified User
          현직원 · b**** · 금융상담·관리 전문가 - 2022.11.03",2022.11.03,Rating Score3.0,“변화하려 노력하지만 아직은 부족”
137,"Verified User
          현직원 · q********* · 마케팅·홍보 전문가 - 2022.11.02",2022.11.02,Rating Score5.0,“상여만 터지면 최고의 회사”
138,"Verified User
          현직원 · 노******* · 금융상담·관리 전문가 - 2022.11.02",2022.11.02,Rating Score1.0,“삼무원으로 일하면 됨”
139,"Verified User
          현직원 · l********* · 경영지원·관리 전문가 - 2022.11.01",2022.11.01,Rating Score3.0,“간판 좋은 회사”
140,"Verified User
          현직원 · i********* · 고객상담 전문가 - 2022.10.31",2022.10.31,Rating Score5.0,“월급 과 상여 만 보면 좋음”
141,"Verified User
          현직원 · 빌***** · IT 기획·매니지먼트 전문가 - 2022.10.28",2022.10.28,Rating Score1.0,“최악”
142,"Verified User
          현직원 · 심** · IT 기획·매니지먼트 전문가 - 2022.10.27",2022.10.27,Rating Score4.0,“망해가는 회사”
143,"Verified User
          현직원 · J***** · 경영지원·관리 전문가 - 2022.10.26",2022.10.26,Rating Score3.0,“아직까진 다닐만함”
144,"Verified User
          현직원 · k**** · 고객서비스 전문가 - 2022.10.25",2022.10.25,Rating Score1.0,“침몰하는 배에 탑승말자”
145,"Verified User
          현직원 · c****** · 경영지원·관리 전문가 - 2022.10.21",2022.10.21,Rating Score3.0,“워라밸만조음”
146,"Verified User
          현직원 · N***** · 금융상담·관리 전문가 - 2022.10.19",2022.10.19,Rating Score4.0,“큰기업을 경험할수있음”
147,"Verified User
          현직원 · j***** · 금융상담·관리 전문가 - 2022.10.14",2022.10.14,Rating Score1.0,“쏘쏘”
148,"Verified User
          현직원 · K****** · 금융상담·관리 전문가 - 2022.10.12",2022.10.12,Rating Score3.0,“옛날의 조직관리만 배울수있음”
149,"Verified User
          현직원 · r******** · 금융상담·관리 전문가 - 2022.10.09",2022.10.09,Rating Score5.0,“안정적으로 다닐 수 있는 회사”
150,"Verified User
          현직원 · j***** · 경영지원·관리 전문가 - 2022.10.07",2022.10.07,Rating Score3.0,“점점 사내문화가 발전하는게 보이는 회사”
151,"Verified User
          현직원 · l***** · 해외영업·사업개발·마케팅 - 2022.10.06",2022.10.06,Rating Score4.0,“나와 함께 성장한 회사”
152,"Verified User
          현직원 · i******** · 영업 전문가 - 2022.10.06",2022.10.06,Rating Score1.0,“포기하면 편한회사”
153,"Verified User
          현직원 · 1******** · 경영지원·관리 전문가 - 2022.10.06",2022.10.06,Rating Score1.0,“커리어는 포기해야 하는 회사”
154,"Verified User
          현직원 · E***** · 경영전략·사업기획·분석전문가 - 2022.09.30",2022.09.30,Rating Score4.0,“잠자는 거인”
155,"Verified User
          현직원 · 정********* · 영업 전문가 - 2022.09.27",2022.09.27,Rating Score3.0,“워라밸 ”
156,"Verified User
          현직원 · i******** · 영업 전문가 - 2022.09.26",2022.09.26,Rating Score2.0,“그나마 봐줄만한건 요즘들어 나아진 워라밸”
157,"Verified User
          현직원 · 조********* · 영업 전문가 - 2022.09.26",2022.09.26,Rating Score2.0,“삼성 이름은 자랑스러우나 비전은 안보이는 회사”
158,"Verified User
          현직원 · t******* · 경영전략·사업기획·분석전문가 - 2022.09.25",2022.09.25,Rating Score1.0,“미래없는 회사”
159,"Verified User
          현직원 · i**** · 경영지원·관리 전문가 - 2022.09.24",2022.09.24,Rating Score3.0,“성장과 발전을 할 줄 모르는 회사 ”
160,"Verified User
          현직원 · d***** · 금융상담·관리 전문가 - 2022.09.23",2022.09.23,Rating Score4.0,“워라밸 굿”
161,"Verified User
          현직원 · S*** · 금융상담·관리 전문가 - 2022.09.22",2022.09.22,Rating Score5.0,“돈이 최고 OPI여 0won하라”
162,"Verified User
          현직원 · 아*** · 경영지원·관리 전문가 - 2022.09.22",2022.09.22,Rating Score4.0,“워라밸만 보장”
163,"Verified User
          현직원 · 1***** · 영업 전문가 - 2022.09.21",2022.09.21,Rating Score1.0,“워라밸도 위협받는 회사”
164,"Verified User
          현직원 · i***** · 경영지원·관리 전문가 - 2022.09.20",2022.09.20,Rating Score5.0,“워라밸 좋은 회사”
165,"Verified User
          현직원 · q******** · 회계·세무·재무 전문가 - 2022.09.20",2022.09.20,Rating Score1.0,“워라밸만 있는 회사”
166,"Verified User
          현직원 · a***** · 경영전략·사업기획·분석전문가 - 2022.09.19",2022.09.19,Rating Score4.0,“워라밸은 나쁘지 않으나 미래가 불투명함”
167,"Verified User
          현직원 · 1******** · 경영지원·관리 전문가 - 2022.09.18",2022.09.18,Rating Score3.0,“잘 모르겠는 회사”
168,"Verified User
          현직원 · i******** · 금융상담·관리 전문가 - 2022.09.16",2022.09.16,Rating Score2.0,“운대 좋았던 꼰대들이 꼰대하는 회사”
169,"Verified User
          현직원 · w******* · 금융상담·관리 전문가 - 2022.09.16",2022.09.16,Rating Score3.0,“고령직원 많은 회사”
170,"Verified User
          현직원 · q********* · 마케팅·홍보 전문가 - 2022.09.15",2022.09.15,Rating Score5.0,“좋은 회사”
171,"Verified User
          현직원 · B***** · 고객서비스 전문가 - 2022.09.13",2022.09.13,Rating Score5.0,“10년은 숨만쉬어도 유지되는 회사”
172,"Verified User
          현직원 · h******** · 경영지원·관리 전문가 - 2022.09.13",2022.09.13,Rating Score3.0,“리더에 따라 분위기가 많이 다른회사”
173,"Verified User
          현직원 · h***** · 영업 전문가 - 2022.09.09",2022.09.09,Rating Score3.0,“워라벨만 괜찮다”
174,"Verified User
          현직원 · 👍********** · 경영지원·관리 전문가 - 2022.09.08",2022.09.08,Rating Score4.0,“업계1위 맞나?”
175,"Verified User
          현직원 · l********* · 경영지원·관리 전문가 - 2022.09.04",2022.09.04,Rating Score4.0,“문화 개선 시급”
176,"Verified User
          현직원 · y****** · IT 엔지니어 - 2022.09.03",2022.09.03,Rating Score1.0,“커리어 단절”
177,"Verified User
          현직원 · u**** · IT 엔지니어 - 2022.09.02",2022.09.02,Rating Score1.0,"“최악의 IT 환경, 수준낮은 IT 수준, 극악의 사무실 환경”"
178,"Verified User
          현직원 · 퇴** · 영업 전문가 - 2022.09.01",2022.09.01,Rating Score3.0,“네임밸류”
179,"Verified User
          현직원 · c***** · 경영지원·관리 전문가 - 2022.08.21",2022.08.21,Rating Score3.0,“워래벨은 보장되나 앞으로가 걱정인”
180,"Verified User
          현직원 · q********* · 영업 전문가 - 2022.08.14",2022.08.14,Rating Score3.0,"“삼성이라는 이름값, 워라밸...”"
181,"Verified User
          현직원 · q********* · 경영지원·관리 전문가 - 2022.08.13",2022.08.13,Rating Score5.0,“그래도 1위사다”
182,"Verified User
          현직원 · 칼****** · 고객서비스 전문가 - 2022.08.10",2022.08.10,Rating Score1.0,“약속을 안 지키고 부끄러움이 없는 회사 ”
183,"Verified User
          현직원 · X***** · IT 기획·매니지먼트 전문가 - 2022.08.08",2022.08.08,Rating Score5.0,“삼성이라는 이름..”
184,"Verified User
          현직원 · k***** · 경영지원·관리 전문가 - 2022.08.06",2022.08.06,Rating Score3.0,“워라밸이 보장 되는 회사”
185,"Verified User
          현직원 · ㅏ*** · 금융상담·관리 전문가 - 2022.08.05",2022.08.05,Rating Score3.0,“워라밸은 괜찮은편”
186,"Verified User
          현직원 · #******** · 금융상담·관리 전문가 - 2022.08.03",2022.08.03,Rating Score3.0,“워라벨만 보장되는 회사”
187,"Verified User
          현직원 · l********* · 영업 전문가 - 2022.07.31",2022.07.31,Rating Score1.0,“보상영업을 개돼지로 아는 회사”
188,"Verified User
          현직원 · 화***** · 영업 전문가 - 2022.07.31",2022.07.31,Rating Score3.0,“위아래 호통이 잘되는 가족 같은 회사”
189,"Verified User
          현직원 · G******* · 경영지원·관리 전문가 - 2022.07.30",2022.07.30,Rating Score3.0,"“대기업 후광, 하지만 삼성의 후자”"
190,"Verified User
          현직원 · L***** · 고객서비스 전문가 - 2022.07.29",2022.07.29,Rating Score2.0,“인사파트아니면 좀..”
191,"Verified User
          현직원 · d***** · 금융상담·관리 전문가 - 2022.07.27",2022.07.27,Rating Score2.0,“워라밸 확실 커리어 개발 노노”
192,"Verified User
          현직원 · 1******** · 경영전략·사업기획·분석전문가 - 2022.07.23",2022.07.23,Rating Score1.0,“덩치는 업계 1위 급여는 중위권 이하로..”
193,"Verified User
          현직원 · U***** · 상품기획·MD·디자이너 - 2022.07.22",2022.07.22,Rating Score3.0,“가라앉는배”
194,"Verified User
          현직원 · 삼***** · 고객상담 전문가 - 2022.07.21",2022.07.21,Rating Score1.0,“1위사로서 가지고있는 기술이나 비전이없음”
195,"Verified User
          현직원 · w*** · 영업 전문가 - 2022.07.21",2022.07.21,Rating Score4.0,“워라밸은 절대 보장”
196,"Verified User
          현직원 · s******* · 경영지원·관리 전문가 - 2022.07.19",2022.07.19,Rating Score5.0,“안정적인 손보업계 1위사”
197,"Verified User
          현직원 · 1******** · IT 엔지니어 - 2022.07.16",2022.07.16,Rating Score1.0,“공무원처럼 눌러앉기 좋은회사”
198,"Verified User
          현직원 · 과*** · 마케팅·홍보 전문가 - 2022.07.15",2022.07.15,Rating Score4.0,“사내문화는 점점 좋아지는 중”
199,"Verified User
          현직원 · G***** · 영업 전문가 - 2022.07.15",2022.07.15,Rating Score3.0,“겉만 그럴듯한 회사”
200,"Verified User
          전직원 · v***** · 회계·세무·재무 전문가 - 2022.07.11",2022.07.11,Rating Score4.0,“워라밸이 생각보다 좋은 회사”
201,"Verified User
          현직원 · r***** · 경영지원·관리 전문가 - 2022.07.07",2022.07.07,Rating Score3.0,“Rc등골 빼먹는 회사”
202,"Verified User
          현직원 · w***** · 회계·세무·재무 전문가 - 2022.07.05",2022.07.05,Rating Score3.0,“적당한 회사”
203,"Verified User
          현직원 · n****** · 경영지원·관리 전문가 - 2022.07.04",2022.07.04,Rating Score3.0,“직무별 편차가 매우 심함”
204,"Verified User
          현직원 · l******* · 영업 전문가 - 2022.07.03",2022.07.03,Rating Score2.0,“그저 그런 회사”
205,"Verified User
          현직원 · g**** · 경영지원·관리 전문가 - 2022.06.30",2022.06.30,Rating Score2.0,"“사람들은 좋지만, 미래가 안보이는 회사”"
206,"Verified User
          현직원 · n***** · 금융상담·관리 전문가 - 2022.06.25",2022.06.25,Rating Score4.0,“욕심 없으면 다니기 좋은회사”
207,"Verified User
          현직원 · m***** · 금융상담·관리 전문가 - 2022.06.22",2022.06.22,Rating Score4.0,“성과주의”
208,"Verified User
          현직원 · m***** · 경영지원·관리 전문가 - 2022.06.22",2022.06.22,Rating Score2.0,“능력에 따른 처우 차등 없음 ”
209,"Verified User
          현직원 · s***** · 영업 전문가 - 2022.06.17",2022.06.17,Rating Score4.0,“워라밸 있음”
210,"Verified User
          현직원 · 푸** · 경영지원·관리 전문가 - 2022.06.15",2022.06.15,Rating Score3.0,“침몰하는배”
211,"Verified User
          현직원 · A***** · 금융상담·관리 전문가 - 2022.06.15",2022.06.15,Rating Score2.0,“워라벨은좋음”
212,"Verified User
          현직원 · 둥******* · 영업 전문가 - 2022.06.13",2022.06.13,Rating Score5.0,“워라밸 급여 괜찮은 회사”
213,"Verified User
          현직원 · a**** · 경영지원·관리 전문가 - 2022.06.12",2022.06.12,Rating Score4.0,“워라벨과 급여는 좋으나 비전은 쏘쏘”
214,"Verified User
          현직원 · w********* · 경영전략·사업기획·분석전문가 - 2022.06.09",2022.06.09,Rating Score3.0,“옛날에는 좋았던 회사”
215,"Verified User
          현직원 · s***** · 경영지원·관리 전문가 - 2022.06.09",2022.06.09,Rating Score3.0,“워라벨나쁘지안ㄹ음”
216,"Verified User
          현직원 · 삔 · 고객서비스 전문가 - 2022.06.08",2022.06.08,Rating Score3.0,“사무직군에게는 비추”
217,"Verified User
          현직원 · o*** · 경영지원·관리 전문가 - 2022.06.07",2022.06.07,Rating Score5.0,“안정적인 회사”
218,"Verified User
          현직원 · o***** · 영업 전문가 - 2022.06.06",2022.06.06,Rating Score1.0,“허물만 삼성인 회사”
219,"Verified User
          현직원 · m******** · 경영지원·관리 전문가 - 2022.06.01",2022.06.01,Rating Score3.0,“월급은 잘나옴”
220,"Verified User
          현직원 · J***** · 고객서비스 전문가 - 2022.06.01",2022.06.01,Rating Score3.0,“정년까지 다닐수는 있는 회사”
221,"Verified User
          현직원 · e***** · 경영전략·사업기획·분석전문가 - 2022.06.01",2022.06.01,Rating Score3.0,“그럭저럭”
222,"Verified User
          현직원 · r***** · 상품기획·MD·디자이너 - 2022.05.30",2022.05.30,Rating Score3.0,“회사는 좋으나 직원대우는...”
223,"Verified User
          현직원 · C***** · 해외영업·사업개발·마케팅 - 2022.05.27",2022.05.27,Rating Score3.0,“독촉하는 회사”
224,"Verified User
          현직원 · b***** · 금융상담·관리 전문가 - 2022.05.27",2022.05.27,Rating Score4.0,“삼성”
225,"Verified User
          현직원 · !********* · 영업 전문가 - 2022.05.24",2022.05.24,Rating Score3.0,“개선이 필요함”
226,"Verified User
          현직원 · m******* · 영업 전문가 - 2022.05.17",2022.05.17,Rating Score2.0,"“괜찮은 연봉, 대기업”"
227,"Verified User
          현직원 · 1********* · 회계·세무·재무 전문가 - 2022.05.11",2022.05.11,Rating Score1.0,“일하는 몇명만 죽어나는 회사”
228,"Verified User
          현직원 · d***** · 마케팅·홍보 전문가 - 2022.05.11",2022.05.11,Rating Score1.0,“침몰하는 배”
229,"Verified User
          현직원 · 추** · 금융상담·관리 전문가 - 2022.05.10",2022.05.10,Rating Score2.0,“욕심없이 다니는회사”
230,"Verified User
          현직원 · P***** · 영업 전문가 - 2022.05.02",2022.05.02,Rating Score1.0,“항상 배가고파있는 회사”
231,"Verified User
          현직원 · i********* · 경영지원·관리 전문가 - 2022.04.27",2022.04.27,Rating Score2.0,“대졸 기준 괜찮은 연봉. 그러나 동종업계대비는 열악”
232,"Verified User
          현직원 · 대***** · 경영지원·관리 전문가 - 2022.04.26",2022.04.26,Rating Score3.0,“공무원 같은게 단점이자 장점인듯”
233,"Verified User
          현직원 · !******** · 마케팅·홍보 전문가 - 2022.04.18",2022.04.18,Rating Score1.0,“삼성 네임밸류 말곤 없는 회사”
234,"Verified User
          현직원 · X***** · 고객상담 전문가 - 2022.04.18",2022.04.18,Rating Score3.0,“워라밸은 최근좋아짐”
235,"Verified User
          현직원 · p****** · 경영전략·사업기획·분석전문가 - 2022.04.15",2022.04.15,Rating Score3.0,“대기업 증후군에 빠진 회사”
236,"Verified User
          현직원 · 둥******* · 영업 전문가 - 2022.04.14",2022.04.14,Rating Score5.0,“워라밸이 지켜지는 회사”
237,"Verified User
          현직원 · F***** · 회계·세무·재무 전문가 - 2022.04.13",2022.04.13,Rating Score4.0,“급격히 좋아진 워라밸. 이를 못쫓아가는 부장과 임원들”
238,"Verified User
          현직원 · 두***** · 경영지원·관리 전문가 - 2022.04.11",2022.04.11,Rating Score3.0,“성과급보고 다니는 회사”
239,"Verified User
          현직원 · N***** · 영업 전문가 - 2022.04.09",2022.04.09,Rating Score3.0,“삼성치곤 짜다”
240,"Verified User
          현직원 · s********* · 금융상담·관리 전문가 - 2022.04.05",2022.04.05,Rating Score3.0,“워라벨은 보장되는 회사”
241,"Verified User
          현직원 · s******* · 경영지원·관리 전문가 - 2022.04.04",2022.04.04,Rating Score2.0,“삼성이란 브랜드가 전부인 회사”
242,"Verified User
          현직원 · z***** · 영업 전문가 - 2022.03.30",2022.03.30,Rating Score4.0,“하기 나름인 회사”
243,"Verified User
          현직원 · j******** · 금융상담·관리 전문가 - 2022.03.30",2022.03.30,Rating Score4.0,“워라벨은 좋아짐”
244,"Verified User
          현직원 · i********* · 경영전략·사업기획·분석전문가 - 2022.03.29",2022.03.29,Rating Score1.0,“공무원 조직화”
245,"Verified User
          현직원 · p***** · 금융상담·관리 전문가 - 2022.03.29",2022.03.29,Rating Score2.0,“공무원같은회사”
246,"Verified User
          현직원 · r***** · 상품기획·MD·디자이너 - 2022.03.28",2022.03.28,Rating Score2.0,“경영진이 무능”
247,"Verified User
          현직원 · 내********* · 경영지원·관리 전문가 - 2022.03.28",2022.03.28,Rating Score3.0,“직원을 전혀 생각하지 않는 회사”
248,"Verified User
          현직원 · 하*** · 경영지원·관리 전문가 - 2022.03.28",2022.03.28,Rating Score1.0,“눈 딱 감고 낙하 중인 회사”
249,"Verified User
          현직원 · E***** · 해외영업·사업개발·마케팅 - 2022.03.27",2022.03.27,Rating Score3.0,“편하게 다니기 좋음”
250,"Verified User
          현직원 · 화*** · 고객서비스 전문가 - 2022.03.24",2022.03.24,Rating Score1.0,“기대하기 어려운 회사”
251,"Verified User
          현직원 · l******* · 고객서비스 전문가 - 2022.03.24",2022.03.24,Rating Score1.0,“침몰하는 회사”
252,"Verified User
          현직원 · T***** · 고객상담 전문가 - 2022.03.23",2022.03.23,Rating Score1.0,“침몰하는 대표적인 보험회사”
253,"Verified User
          현직원 · 릴*** · 회계·세무·재무 전문가 - 2022.03.22",2022.03.22,Rating Score4.0,“업계 1위 손해보험사”
254,"Verified User
          현직원 · I***** · 회계·세무·재무 전문가 - 2022.03.22",2022.03.22,Rating Score4.0,“달성목표 없고 편히 다니려면 총무는 ㄱㅊ음”
255,"Verified User
          현직원 · 아***** · 경영지원·관리 전문가 - 2022.03.20",2022.03.20,Rating Score4.0,“직무별 만족도 편차가 큰 곳”
256,"Verified User
          현직원 · t******* · 경영지원·관리 전문가 - 2022.03.20",2022.03.20,Rating Score3.0,“인사가 회사 활력을 떨어뜨리는 회사”
257,"Verified User
          현직원 · J***** · 정보보안·IT보안 - 2022.03.18",2022.03.18,Rating Score1.0,“워라벨은 지켜지는 회사”
258,"Verified User
          현직원 · H***** · 금융상담·관리 전문가 - 2022.03.17",2022.03.17,Rating Score1.0,“고인물이 다망치는 회사”
259,"Verified User
          현직원 · T***** · 경영지원·관리 전문가 - 2022.03.16",2022.03.16,Rating Score4.0,“Work가 보장되는 회사”
260,"Verified User
          현직원 · h******* · 고객상담 전문가 - 2022.03.15",2022.03.15,Rating Score2.0,“생각없이 다니면 괜찮은 회사”
261,"Verified User
          현직원 · 좋*** · 금융상담·관리 전문가 - 2022.03.15",2022.03.15,Rating Score2.0,“돈뿐인회사”
262,"Verified User
          현직원 · l******* · 경영전략·사업기획·분석전문가 - 2022.03.14",2022.03.14,Rating Score1.0,“침몰하는 타이타닉호”
263,"Verified User
          현직원 · l********* · 금융상담·관리 전문가 - 2022.03.08",2022.03.08,Rating Score1.0,“망해가는 회사”
264,"Verified User
          현직원 · i********* · 연구개발(R&D) - 2022.03.07",2022.03.07,Rating Score3.0,“워라벨을 보장하려는 회사”
265,"Verified User
          현직원 · l******* · 경영지원·관리 전문가 - 2022.03.07",2022.03.07,Rating Score2.0,“경영진이 문제인 회사”
266,"Verified User
          현직원 · y***** · 금융상담·관리 전문가 - 2022.03.04",2022.03.04,Rating Score2.0,“일부 편향된 인력 우대”
267,"Verified User
          현직원 · r***** · 경영지원·관리 전문가 - 2022.03.02",2022.03.02,Rating Score3.0,“서서히 가라앉는 회사”
268,"Verified User
          현직원 · L***** · 영업 전문가 - 2022.03.02",2022.03.02,Rating Score2.0,“그나마 좋았던 장점들이 퇴색하는 회사”
269,"Verified User
          현직원 · A***** · 고객상담 전문가 - 2022.03.02",2022.03.02,Rating Score3.0,“글쎄”
270,"Verified User
          현직원 · V***** · 영업 전문가 - 2022.03.01",2022.03.01,Rating Score4.0,“생각보다 돈 별로 안주는 대기업”
271,"Verified User
          현직원 · d******* · 영업 전문가 - 2022.02.28",2022.02.28,Rating Score3.0,“마음 내려놓고 다니면 괜찮은 회사”
272,"Verified User
          현직원 · 눈** · 경영전략·사업기획·분석전문가 - 2022.02.27",2022.02.27,Rating Score1.0,“업계 1위 명성에 걸맞지 않는 낮은 급여와 조직문화”
273,"Verified User
          현직원 · 1********* · 영업 전문가 - 2022.02.26",2022.02.26,Rating Score1.0,“기울어가는 배를 고칠 생각이 없는 경영진”
274,"Verified User
          현직원 · K***** · 경영지원·관리 전문가 - 2022.02.25",2022.02.25,Rating Score4.0,“워라밸은 보장 되는 회사”
275,"Verified User
          현직원 · Q***** · 영업 전문가 - 2022.02.25",2022.02.25,Rating Score3.0,“워라밸은 보장되는 회사”
276,"Verified User
          현직원 · N***** · 금융상담·관리 전문가 - 2022.02.24",2022.02.24,Rating Score3.0,“돈이 줄고 워라벨이 올라가는 과도기 ”
277,"Verified User
          현직원 · a******* · 영업 전문가 - 2022.02.23",2022.02.23,Rating Score1.0,“제밥그릇 싸움이 치열한 회사”
278,"Verified User
          현직원 · s***** · 상품기획·MD·디자이너 - 2022.02.22",2022.02.22,Rating Score5.0,“아무 생각없이 다닐만한 회사”
279,"Verified User
          현직원 · Q******* · 경영지원·관리 전문가 - 2022.02.22",2022.02.22,Rating Score2.0,“고민을 하게되는 회사”
280,"Verified User
          현직원 · e***** · 금융상담·관리 전문가 - 2022.02.21",2022.02.21,Rating Score2.0,“직원들을 갈아버리는 회사”
281,"Verified User
          현직원 · h***** · 금융상담·관리 전문가 - 2022.02.17",2022.02.17,Rating Score1.0,“성장동력을 잃은 회사”
282,"Verified User
          현직원 · B***** · 경영지원·관리 전문가 - 2022.02.15",2022.02.15,Rating Score3.0,“성장한계와 경영진의 무사안일이 급격한 추락모멘텀을 만드는중”
283,"Verified User
          현직원 · F***** · IT 엔지니어 - 2022.02.08",2022.02.08,Rating Score4.0,“그래도 이정도면 다닐만 함”
284,"Verified User
          현직원 · W***** · 영업 전문가 - 2022.02.05",2022.02.05,Rating Score3.0,“전형적인 과거 대기업 문화가 남아있는 회사”
285,"Verified User
          현직원 · c***** · 경영지원·관리 전문가 - 2022.02.04",2022.02.04,Rating Score3.0,“예전엔 좋았는데 지금은 별로”
286,"Verified User
          현직원 · c****** · 경영전략·사업기획·분석전문가 - 2022.02.01",2022.02.01,Rating Score5.0,“부바부”
287,"Verified User
          현직원 · J***** · 경영지원·관리 전문가 - 2022.01.31",2022.01.31,Rating Score4.0,“워라벨은 좋지만 경직된 회사”
288,"Verified User
          현직원 · G***** · 금융상담·관리 전문가 - 2022.01.25",2022.01.25,Rating Score2.0,“다른사람이 지원한다면 말리고 싶은..”
289,"Verified User
          현직원 · 둥******* · 고객서비스 전문가 - 2022.01.25",2022.01.25,Rating Score5.0,“좋은 회사. 누구나 아는 대기업”
290,"Verified User
          현직원 · v***** · 해외영업·사업개발·마케팅 - 2022.01.25",2022.01.25,Rating Score3.0,“욕심없이 다니기 좋은 회사”
291,"Verified User
          현직원 · 소**** · 금융상담·관리 전문가 - 2022.01.24",2022.01.24,Rating Score3.0,“애매한 꼰대회사”
292,"Verified User
          현직원 · 이********* · 고객서비스 전문가 - 2022.01.23",2022.01.23,Rating Score3.0,“고민을 많이하게 되는 회사”
293,"Verified User
          현직원 · d***** · 경영전략·사업기획·분석전문가 - 2022.01.23",2022.01.23,Rating Score3.0,“사람만 좋음”
294,"Verified User
          현직원 · l********* · 금융상담·관리 전문가 - 2022.01.18",2022.01.18,Rating Score1.0,“그동안 보너스로 버텨왔는데..”
295,"Verified User
          현직원 · h********* · 경영지원·관리 전문가 - 2022.01.18",2022.01.18,Rating Score3.0,“그냥 대기업…”
296,"Verified User
          현직원 · k***** · 금융상담·관리 전문가 - 2022.01.18",2022.01.18,Rating Score1.0,“일부에게만 좋은 회사”
297,"Verified User
          현직원 · 홍* · 금융상담·관리 전문가 - 2022.01.17",2022.01.17,Rating Score3.0,“회사 안에서 정신 좀 놓고있으면 괜찮음”
298,"Verified User
          현직원 · c***** · 영업 전문가 - 2022.01.17",2022.01.17,Rating Score1.0,“회사는 훌륭하나 직원은 힘들어지는 회사”
299,"Verified User
          현직원 · i********* · 금융상담·관리 전문가 - 2022.01.14",2022.01.14,Rating Score1.0,“급여수준 최악 of 최악”
300,"Verified User
          현직원 · b**** · 회계·세무·재무 전문가 - 2022.01.13",2022.01.13,Rating Score1.0,“인사만 대접받는 회사”
301,"Verified User
          현직원 · 🎅****** · 경영지원·관리 전문가 - 2022.01.12",2022.01.12,Rating Score3.0,“직원은 생각 안하는 회사”
302,"Verified User
          현직원 · 불***** · IT 기획·매니지먼트 전문가 - 2022.01.12",2022.01.12,Rating Score2.0,“장점이 없는 회사”
303,"Verified User
          현직원 · N**** · 금융상담·관리 전문가 - 2022.01.11",2022.01.11,Rating Score5.0,“워라벨좋음 ”
304,"Verified User
          전직원 · 앞*** · 금융상담·관리 전문가 - 2022.01.10",2022.01.10,Rating Score3.0,“예전에는 좋았던회사”
305,"Verified User
          현직원 · @**** · 고객서비스 전문가 - 2022.01.08",2022.01.08,Rating Score3.0,“적당히 만족하면 다닐만한 회사”
306,"Verified User
          현직원 · l********* · 금융상담·관리 전문가 - 2022.01.07",2022.01.07,Rating Score3.0,“업계내 지위에비해 연봉대우가 별로”
307,"Verified User
          현직원 · 논********* · 영업 전문가 - 2022.01.06",2022.01.06,Rating Score3.0,“직무별 장단의 차이가 엄청난 회사”
308,"Verified User
          현직원 · e******** · 경영지원·관리 전문가 - 2022.01.05",2022.01.05,Rating Score5.0,“마음을 비우면 좋은 회사”
309,"Verified User
          현직원 · s********* · 금융상담·관리 전문가 - 2022.01.03",2022.01.03,Rating Score3.0,"“워라밸은 보장되나 의견 소통, 비전이 없는 회사..”"
310,"Verified User
          현직원 · e***** · 경영지원·관리 전문가 - 2021.12.31",2021.12.31,Rating Score3.0,“혼돈속의 회사”
311,"Verified User
          현직원 · i******* · 금융상담·관리 전문가 - 2021.12.29",2021.12.29,Rating Score1.0,“여긴 유치원..?”
312,"Verified User
          현직원 · i********* · IT 엔지니어 - 2021.12.28",2021.12.28,Rating Score5.0,“회사는 좋다”
313,"Verified User
          현직원 · u***** · 회계·세무·재무 전문가 - 2021.12.25",2021.12.25,Rating Score3.0,“그냥 대기업”
314,"Verified User
          현직원 · 7**** · 금융상담·관리 전문가 - 2021.12.22",2021.12.22,Rating Score2.0,“늙은 분들에게 많은 것을 배울 수 있다”
315,"Verified User
          현직원 · O***** · 마케팅·홍보 전문가 - 2021.12.22",2021.12.22,Rating Score4.0,“업계1위지만 보상은 업계1위 아님”
316,"Verified User
          현직원 · a******* · 회계·세무·재무 전문가 - 2021.12.20",2021.12.20,Rating Score1.0,“돈안됨”
317,"Verified User
          현직원 · i******** · 경영지원·관리 전문가 - 2021.12.19",2021.12.19,Rating Score3.0,“인사 관리가 전부인 회사”
318,"Verified User
          현직원 · A***** · 경영지원·관리 전문가 - 2021.12.16",2021.12.16,Rating Score2.0,"“워라밸은 좋으나 비전, 소통, 소득은 기대하기 어려움”"
319,"Verified User
          현직원 · h********* · 금융상담·관리 전문가 - 2021.12.15",2021.12.15,Rating Score1.0,“워라밸 빼고 전부 별로”
320,"Verified User
          현직원 · l******* · 회계·세무·재무 전문가 - 2021.12.15",2021.12.15,Rating Score3.0,“욕심없이 다니기엔 좋은회사. 욕심내기 시작하면 힘든 회사”
321,"Verified User
          현직원 · d******** · 경영지원·관리 전문가 - 2021.12.15",2021.12.15,Rating Score2.0,“비전이 없는 회사”
322,"Verified User
          현직원 · a********* · 영업 전문가 - 2021.12.14",2021.12.14,Rating Score4.0,“안정적으로 정년까지 다닐 수 있는 회사”
323,"Verified User
          현직원 · f***** · 경영전략·사업기획·분석전문가 - 2021.12.14",2021.12.14,Rating Score5.0,“나름좋은회사”
324,"Verified User
          현직원 · 론* · 마케팅·홍보 전문가 - 2021.12.14",2021.12.14,Rating Score1.0,“미래가 불투명한 회사”
325,"Verified User
          현직원 · U***** · 고객상담 전문가 - 2021.12.13",2021.12.13,Rating Score2.0,“고졸 총무에겐 한없이 높은 벽”
326,"Verified User
          현직원 · 해*** · IT 기획·매니지먼트 전문가 - 2021.12.12",2021.12.12,Rating Score2.0,“직원들 월급을 아까워하는 회사”
327,"Verified User
          현직원 · d********* · 영업 전문가 - 2021.12.09",2021.12.09,Rating Score3.0,“취업사기당함”
328,"Verified User
          현직원 · t***** · 금융상담·관리 전문가 - 2021.12.09",2021.12.09,Rating Score2.0,“시스템만 잘 갖춰져있는 회사”
329,"Verified User
          현직원 · I***** · 마케팅·홍보 전문가 - 2021.12.08",2021.12.08,Rating Score2.0,“ms는 1위 급여는…”
330,"Verified User
          현직원 · q****** · 고객서비스 전문가 - 2021.12.07",2021.12.07,Rating Score1.0,“최악의 회사”
331,"Verified User
          현직원 · t****** · 금융상담·관리 전문가 - 2021.12.07",2021.12.07,Rating Score3.0,“워라밸 보장되는 괜찮은 금융권대기업”
332,"Verified User
          현직원 · (**** · IT 기획·매니지먼트 전문가 - 2021.12.07",2021.12.07,Rating Score1.0,“어느 한군데 빠짐없이 힘든 회사”
333,"Verified User
          현직원 · i********* · 금융상담·관리 전문가 - 2021.12.06",2021.12.06,Rating Score3.0,“워라벨이 보장됨”
334,"Verified User
          현직원 · y***** · 경영지원·관리 전문가 - 2021.12.04",2021.12.04,Rating Score2.0,“탈출하고픈 회사”
335,"Verified User
          현직원 · v***** · 경영지원·관리 전문가 - 2021.12.03",2021.12.03,Rating Score3.0,“과거의 영화에만 안주”
336,"Verified User
          현직원 · 보*** · 고객상담 전문가 - 2021.12.03",2021.12.03,Rating Score1.0,“성장가능성이 없는 사장만 성장하는 회사”
337,"Verified User
          현직원 · H***** · 경영전략·사업기획·분석전문가 - 2021.12.01",2021.12.01,Rating Score4.0,“동종업계대비 연봉수준이 너무 낮음”
338,"Verified User
          현직원 · p****** · 경영지원·관리 전문가 - 2021.11.30",2021.11.30,Rating Score1.0,“관리와 인사가 해쳐먹는 회사”
339,"Verified User
          현직원 · 삼******* · 금융상담·관리 전문가 - 2021.11.28",2021.11.28,Rating Score1.0,“돔황쳐”
340,"Verified User
          현직원 · a****** · 금융상담·관리 전문가 - 2021.11.25",2021.11.25,Rating Score2.0,“착한사람만 호구되는 회사”
341,"Verified User
          현직원 · 개*** · 마케팅·홍보 전문가 - 2021.11.24",2021.11.24,Rating Score3.0,“삼성이니까”
342,"Verified User
          현직원 · 유**** · 경영지원·관리 전문가 - 2021.11.23",2021.11.23,Rating Score3.0,“리딩회사인척하지만 실상은.....”
343,"Verified User
          현직원 · V***** · 영업 전문가 - 2021.11.23",2021.11.23,Rating Score3.0,“업계1위아닙니다.”
344,"Verified User
          현직원 · I***** · 금융상담·관리 전문가 - 2021.11.23",2021.11.23,Rating Score2.0,“침몰하는 타이타닉”
345,"Verified User
          현직원 · 5********* · 금융상담·관리 전문가 - 2021.11.20",2021.11.20,Rating Score1.0,“공무원 마인드라면 다닐만 한만한 회사”
346,"Verified User
          현직원 · G***** · 금융상담·관리 전문가 - 2021.11.20",2021.11.20,Rating Score2.0,“미래가 없는 회사”
347,"Verified User
          현직원 · i****** · 금융상담·관리 전문가 - 2021.11.19",2021.11.19,Rating Score2.0,“직원 급여- 회사수익+”
348,"Verified User
          현직원 · 정******* · 영업 전문가 - 2021.11.18",2021.11.18,Rating Score2.0,“입사 시 무엇을 원하는지 진지하게 고민해야 할 회사”
349,"Verified User
          현직원 · l********* · 경영지원·관리 전문가 - 2021.11.17",2021.11.17,Rating Score3.0,“갈수록 도태되는회사”
350,"Verified User
          현직원 · l********* · 금융상담·관리 전문가 - 2021.11.17",2021.11.17,Rating Score3.0,“음...? 돔황챠”
351,"Verified User
          현직원 · x***** · 환경·안전·보건 전문가 - 2021.11.17",2021.11.17,Rating Score3.0,“위치빼곤 그닥”
352,"Verified User
          현직원 · O***** · 금융상담·관리 전문가 - 2021.11.16",2021.11.16,Rating Score2.0,“비전없이 그냥 다니기 좋은 회사”
353,"Verified User
          현직원 · 아****** · IT 기획·매니지먼트 전문가 - 2021.11.13",2021.11.13,Rating Score4.0,“워라밸이 보장되는 회사”
354,"Verified User
          현직원 · o***** · 경영지원·관리 전문가 - 2021.11.13",2021.11.13,Rating Score2.0,“연봉 개사기 ㅠ ”
355,"Verified User
          현직원 · T***** · 회계·세무·재무 전문가 - 2021.11.09",2021.11.09,Rating Score4.0,“워라밸은 지킬수 있는 회사”
356,"Verified User
          현직원 · l******** · 해외영업·사업개발·마케팅 - 2021.11.09",2021.11.09,Rating Score1.0,“구지 왜옴?”
357,"Verified User
          현직원 · 연***** · 경영지원·관리 전문가 - 2021.11.08",2021.11.08,Rating Score2.0,“70년대 공무원집단”
358,"Verified User
          현직원 · 맥*** · 고객서비스 전문가 - 2021.11.07",2021.11.07,Rating Score3.0,“일한만큼 돈 주는 회사”
359,"Verified User
          현직원 · t***** · 경영지원·관리 전문가 - 2021.11.04",2021.11.04,Rating Score2.0,“돈밖에 볼거 없었는데 이제 돈도 안주는 회사”
360,"Verified User
          현직원 · i********* · 금융상담·관리 전문가 - 2021.11.03",2021.11.03,Rating Score1.0,“직원들 입지는 *나 줘버린 회사”
361,"Verified User
          현직원 · 1******* · 영업 전문가 - 2021.11.02",2021.11.02,Rating Score1.0,“무능한 경영진과 올드한 조직문화”
362,"Verified User
          현직원 · i********* · 금융상담·관리 전문가 - 2021.11.01",2021.11.01,Rating Score3.0,“갈수록 이상해지는 회사”
363,"Verified User
          현직원 · n******** · 경영지원·관리 전문가 - 2021.10.29",2021.10.29,Rating Score3.0,"“느슨한 스탭, 고생하는 현업”"
364,"Verified User
          현직원 · R***** · 금융상담·관리 전문가 - 2021.10.24",2021.10.24,Rating Score2.0,“대기업”
365,"Verified User
          현직원 · 열***** · IT 기획·매니지먼트 전문가 - 2021.10.19",2021.10.19,Rating Score4.0,“대기업이란 이런것이다”
366,"Verified User
          현직원 · F***** · 상품기획·MD·디자이너 - 2021.10.18",2021.10.18,Rating Score3.0,“전반적으론 좋지도 나쁘지도 않은 평범한 회사”
367,"Verified User
          현직원 · 1*** · 금융상담·관리 전문가 - 2021.10.15",2021.10.15,Rating Score1.0,“환관정치를 연상시키는 무능한 임원과 그 추종자들의 천국”
368,"Verified User
          현직원 · K***** · 경영지원·관리 전문가 - 2021.10.14",2021.10.14,Rating Score3.0,“그냥저냥”
369,"Verified User
          현직원 · T***** · 영업 전문가 - 2021.10.11",2021.10.11,Rating Score1.0,“돈은 안주면서 실적은 1위이고 싶지”
370,"Verified User
          현직원 · 미******** · 경영전략·사업기획·분석전문가 - 2021.10.11",2021.10.11,Rating Score4.0,"“회사엔 미래가 있고, 대다수 직원엔 미래가 없는 회사”"
371,"Verified User
          현직원 · t****** · 영업 전문가 - 2021.10.07",2021.10.07,Rating Score3.0,“경영진 최악. 망조가 든 회사.”
372,"Verified User
          현직원 · E***** · 금융상담·관리 전문가 - 2021.10.07",2021.10.07,Rating Score2.0,“현장직은 일이 너무 많고 힘들다”
373,"Verified User
          현직원 · o********* · 영업 전문가 - 2021.10.05",2021.10.05,Rating Score1.0,“맨홀 뚫을 기세로 추락중인 회사”
374,"Verified User
          현직원 · b****** · 금융상담·관리 전문가 - 2021.10.03",2021.10.03,Rating Score3.0,“다닐 수록 이게 아닌데 싶음.”
375,"Verified User
          현직원 · r***** · 해외영업·사업개발·마케팅 - 2021.10.01",2021.10.01,Rating Score3.0,“워라밸은 굿”
376,"Verified User
          현직원 · I********* · 영업 전문가 - 2021.09.30",2021.09.30,Rating Score1.0,“가라화재”
377,"Verified User
          현직원 · r***** · 경영전략·사업기획·분석전문가 - 2021.09.29",2021.09.29,Rating Score2.0,“도태는 시간문제”
378,"Verified User
          현직원 · a****** · 경영지원·관리 전문가 - 2021.09.28",2021.09.28,Rating Score1.0,“도태되어 가는 회사”
379,"Verified User
          현직원 · 하**** · 금융상담·관리 전문가 - 2021.09.28",2021.09.28,Rating Score1.0,“삼류화재”
380,"Verified User
          현직원 · i********* · 경영지원·관리 전문가 - 2021.09.28",2021.09.28,Rating Score1.0,“워라벨은 운좋으면 지킬 수 있음”
381,"Verified User
          현직원 · E***** · 경영지원·관리 전문가 - 2021.09.28",2021.09.28,Rating Score1.0,“골품제도가 활성화 되어 있는 회사”
382,"Verified User
          현직원 · a***** · 고객서비스 전문가 - 2021.09.25",2021.09.25,Rating Score3.0,“경영진..할많하않”
383,"Verified User
          현직원 · g****** · 영업 전문가 - 2021.09.24",2021.09.24,Rating Score2.0,“전형적인 옛날 대기업”
384,"Verified User
          현직원 · s***** · 경영지원·관리 전문가 - 2021.09.21",2021.09.21,Rating Score4.0,“경영진/보상 하위권”
385,"Verified User
          현직원 · q********* · 금융상담·관리 전문가 - 2021.09.19",2021.09.19,Rating Score1.0,“그냥 가늘고길게월급루팡딱좋인”
386,"Verified User
          현직원 · Q***** · 경영지원·관리 전문가 - 2021.09.19",2021.09.19,Rating Score1.0,“정승화재 그 이상 그 이하도 아님”
387,"Verified User
          현직원 · s***** · 경영지원·관리 전문가 - 2021.09.17",2021.09.17,Rating Score3.0,“탄탄한 회사이나 극악의 인력구조”
388,"Verified User
          현직원 · !******** · 금융상담·관리 전문가 - 2021.09.17",2021.09.17,Rating Score1.0,“비전이 없는 회사”
389,"Verified User
          현직원 · 다******** · 경영지원·관리 전문가 - 2021.09.17",2021.09.17,Rating Score1.0,“희망이 보이지않음”
390,"Verified User
          현직원 · 1******** · 경영지원·관리 전문가 - 2021.09.17",2021.09.17,Rating Score4.0,“큰 욕심없이 정년까지 다니라면 그냥 다닐 수 있는 회사”
391,"Verified User
          현직원 · a**** · 경영전략·사업기획·분석전문가 - 2021.09.17",2021.09.17,Rating Score3.0,“좋은'회사'지만 총체적난국”
392,"Verified User
          현직원 · j********* · 고객서비스 전문가 - 2021.09.17",2021.09.17,Rating Score1.0,“망해가는 회사”
393,"Verified User
          현직원 · 6********* · 경영지원·관리 전문가 - 2021.09.16",2021.09.16,Rating Score1.0,“뱀이 되어가는 용의 꼬리”
394,"Verified User
          현직원 · l****** · 영업 전문가 - 2021.09.16",2021.09.16,Rating Score1.0,“이건 아닌데 싶음”
395,"Verified User
          현직원 · ٩******** · 금융상담·관리 전문가 - 2021.09.16",2021.09.16,Rating Score1.0,“삶의도움이1도 안되는회사”
396,"Verified User
          현직원 · W***** · 영업 전문가 - 2021.09.16",2021.09.16,Rating Score3.0,“큰집 눈치 보는 데만 밝은 무능한 경영진들로 인해 망해감”
397,"Verified User
          현직원 · m****** · 경영지원·관리 전문가 - 2021.09.16",2021.09.16,Rating Score1.0,“다닐수록 화가나는 회사”
398,"Verified User
          현직원 · 골***** · 영업 전문가 - 2021.09.16",2021.09.16,Rating Score1.0,“임원들 숫자놀음에 미쳐 미래가 없는 회사”
399,"Verified User
          현직원 · l********* · 금융상담·관리 전문가 - 2021.09.15",2021.09.15,Rating Score1.0,“빛좋은 개살구”
400,"Verified User
          현직원 · e********* · 영업 전문가 - 2021.09.15",2021.09.15,Rating Score1.0,“사장에서 부터 시작되는 최악의 공산당회사”
401,"Verified User
          현직원 · l********* · 금융상담·관리 전문가 - 2021.09.15",2021.09.15,Rating Score1.0,“마음이 피폐해지는 회사”
402,"Verified User
          현직원 · j***** · 경영지원·관리 전문가 - 2021.09.15",2021.09.15,Rating Score1.0,“장점은 사라지고 단점은 꾸준히 생겨나는 밉상”
403,"Verified User
          현직원 · 뮤*** · 경영지원·관리 전문가 - 2021.09.15",2021.09.15,Rating Score1.0,“퇴화하는 중입니다”
404,"Verified User
          현직원 · 흙** · 금융상담·관리 전문가 - 2021.09.15",2021.09.15,Rating Score1.0,“시간이 갈수록 탈출을 꿈꾸는 직원들이 많은 회사”
405,"Verified User
          현직원 · n****** · 회계·세무·재무 전문가 - 2021.09.15",2021.09.15,Rating Score1.0,“월라벨 붕괴”
406,"Verified User
          현직원 · X***** · IT 기획·매니지먼트 전문가 - 2021.09.14",2021.09.14,Rating Score5.0,“위라벨이 보장되는 회사”
407,"Verified User
          현직원 · c***** · 금융상담·관리 전문가 - 2021.09.14",2021.09.14,Rating Score1.0,“화석화 되어버린 예전에 좋았던 회사”
408,"Verified User
          현직원 · 1******** · 회계·세무·재무 전문가 - 2021.09.14",2021.09.14,Rating Score1.0,“이름은 삼성화재 실상은 ㅈ성화재”
409,"Verified User
          현직원 · 망******** · 고객서비스 전문가 - 2021.09.14",2021.09.14,Rating Score1.0,“다니고있는 회사지만 망하길 바랍니다.”
410,"Verified User
          현직원 · l********* · 마케팅·홍보 전문가 - 2021.09.14",2021.09.14,Rating Score1.0,“삼성이라는 이름 외엔 모든게 후진 회사”
411,"Verified User
          현직원 · g***** · 경영지원·관리 전문가 - 2021.09.12",2021.09.12,Rating Score1.0,“현장경험 없는 무능한 경영진. 특정부서 출신만 승진.”
412,"Verified User
          현직원 · 호*** · 금융상담·관리 전문가 - 2021.09.11",2021.09.11,Rating Score4.0,“깨어있지만 아직 깨어있지 못한 회사”
413,"Verified User
          현직원 · m***** · 영업 전문가 - 2021.09.10",2021.09.10,Rating Score1.0,“별점 한 개도 아까운 회사”
414,"Verified User
          현직원 · U***** · 상품기획·MD·디자이너 - 2021.09.10",2021.09.10,Rating Score1.0,"“보고, 관리위주의 회사. 특정부서가 힘을 가진, 미래가 안보이는 회사”"
415,"Verified User
          현직원 · r*** · 고객서비스 전문가 - 2021.09.10",2021.09.10,Rating Score4.0,“현장 워라밸좋음”
416,"Verified User
          현직원 · k******** · 금융상담·관리 전문가 - 2021.09.10",2021.09.10,Rating Score2.0,“침몰하는배 하지만 아직 제일큰배”
417,"Verified User
          현직원 · 인***** · 금융상담·관리 전문가 - 2021.09.09",2021.09.09,Rating Score1.0,“부조리가 판치는 회사 ”
418,"Verified User
          현직원 · I******* · 경영지원·관리 전문가 - 2021.09.09",2021.09.09,Rating Score1.0,“직원을 노비로 앎”
419,"Verified User
          현직원 · 닉****** · 경영지원·관리 전문가 - 2021.09.09",2021.09.09,Rating Score1.0,“침몰하는 회사”
420,"Verified User
          현직원 · 벼******** · 법무·지적재산권 전문가 - 2021.09.09",2021.09.09,Rating Score1.0,“회사는 업계 1등 연봉은 업계 최하위”
421,"Verified User
          현직원 · 회****** · 영업 전문가 - 2021.09.09",2021.09.09,Rating Score1.0,“썩어버린 비전없는 회사”
422,"Verified User
          현직원 · b********* · 경영지원·관리 전문가 - 2021.09.09",2021.09.09,Rating Score1.0,“쓸데없는 보고 취합 업무 너무 많음”
423,"Verified User
          현직원 · 노**** · 고객상담 전문가 - 2021.09.09",2021.09.09,Rating Score1.0,“몰락중인 회사”
424,"Verified User
          현직원 · B***** · 금융상담·관리 전문가 - 2021.09.09",2021.09.09,Rating Score1.0,“입사했을때도 별로 였는데 점점 더 최악”
425,"Verified User
          현직원 · l********* · 금융상담·관리 전문가 - 2021.09.09",2021.09.09,Rating Score1.0,“침몰해가는 배”
426,"Verified User
          현직원 · 너****** · 영업 전문가 - 2021.09.09",2021.09.09,Rating Score1.0,“꿈 많고 목표가 있는 사람은 절대 오면 안됨”
427,"Verified User
          현직원 · g***** · 마케팅·홍보 전문가 - 2021.09.08",2021.09.08,Rating Score4.0,“타이타닉같은 보험사”
428,"Verified User
          현직원 · :******* · 영업 전문가 - 2021.09.08",2021.09.08,Rating Score1.0,"“손보업계 이익 1위, 사장연봉 1위, 직원연봉 6위”"
429,"Verified User
          현직원 · q****** · 영업 전문가 - 2021.09.08",2021.09.08,Rating Score1.0,“최악 장점이 없고 단점만 있다”
430,"Verified User
          현직원 · q******* · 영업 전문가 - 2021.09.08",2021.09.08,Rating Score1.0,“워라벨 급여 조직문화 업계 6위 ”
431,"Verified User
          현직원 · f***** · 금융상담·관리 전문가 - 2021.09.08",2021.09.08,Rating Score1.0,"“업계 최고 업무량, 업계 하위 급여, 무능하고 사리사욕만 채우는 경영진, 망하는 중”"
432,"Verified User
          현직원 · g***** · 경영지원·관리 전문가 - 2021.09.07",2021.09.07,Rating Score1.0,“직원을 개무시하는 회사”
433,"Verified User
          현직원 · W***** · 영업 전문가 - 2021.09.06",2021.09.06,Rating Score1.0,“월급이 많이 안나오는 회사”
434,"Verified User
          현직원 · i********* · 영업 전문가 - 2021.09.04",2021.09.04,Rating Score1.0,“유일한 장점마저 사라진 중소기업”
435,"Verified User
          현직원 · 만*** · 고객서비스 전문가 - 2021.09.03",2021.09.03,Rating Score1.0,"“연봉 업계 최저,업무강도 최고”"
436,"Verified User
          현직원 · m****** · 경영지원·관리 전문가 - 2021.09.02",2021.09.02,Rating Score2.0,“워라밸은 가능”
437,"Verified User
          전직원 · q***** · 영업 전문가 - 2021.09.02",2021.09.02,Rating Score5.0,“일이 많음”
438,"Verified User
          현직원 · H***** · 고객서비스 전문가 - 2021.09.02",2021.09.02,Rating Score2.0,“경영진만 배불리는...”
439,"Verified User
          현직원 · r***** · 금융상담·관리 전문가 - 2021.09.01",2021.09.01,Rating Score1.0,“워라밸은 좋아짐”
440,"Verified User
          현직원 · L***** · 경영지원·관리 전문가 - 2021.08.31",2021.08.31,Rating Score1.0,“그나마 워라벨만 보장되는 회사”
441,"Verified User
          현직원 · d******* · 금융상담·관리 전문가 - 2021.08.31",2021.08.31,Rating Score2.0,“전형적인 죽어가는 조직”
442,"Verified User
          현직원 · X***** · 금융상담·관리 전문가 - 2021.08.31",2021.08.31,Rating Score3.0,“많이 배울 순 있는데 시간대비 급여는 별로”
443,"Verified User
          현직원 · W***** · 영업 전문가 - 2021.08.31",2021.08.31,Rating Score2.0,“워라밸 하려면 work를 포기하면 되는 회사”
444,"Verified User
          현직원 · e***** · 금융상담·관리 전문가 - 2021.08.30",2021.08.30,Rating Score3.0,“미래가 어둡다”
445,"Verified User
          현직원 · B***** · 영업 전문가 - 2021.08.30",2021.08.30,Rating Score5.0,“회사는 좋음”
446,"Verified User
          현직원 · 볶*** · 고객서비스 전문가 - 2021.08.28",2021.08.28,Rating Score5.0,“회사는 최고 연봉은 과연...?”
447,"Verified User
          현직원 · j********* · 상품기획·MD·디자이너 - 2021.08.27",2021.08.27,Rating Score3.0,“언제까지 1위라고 할 수 있을지 모르겠는 회사”
448,"Verified User
          현직원 · z***** · 고객서비스 전문가 - 2021.08.27",2021.08.27,Rating Score2.0,“이름값으로 어른들에게만 기대어 연명하는 회사”
449,"Verified User
          현직원 · M***** · 경영지원·관리 전문가 - 2021.08.26",2021.08.26,Rating Score3.0,“워라밸좋은회사”
450,"Verified User
          현직원 · b***** · IT 엔지니어 - 2021.08.26",2021.08.26,Rating Score5.0,“그냥 다니기 좋은 회사”
451,"Verified User
          현직원 · J***** · 금융상담·관리 전문가 - 2021.08.25",2021.08.25,Rating Score3.0,“생각없이 다니기엔 괜찮은 회사”
452,"Verified User
          현직원 · i********* · 금융상담·관리 전문가 - 2021.08.24",2021.08.24,Rating Score1.0,"“임원급여 최상위, 직원급여 최하위”"
453,"Verified User
          현직원 · l****** · 영업 전문가 - 2021.08.24",2021.08.24,Rating Score1.0,"“회사, 임원급여만 1위인 최악의 회사”"
454,"Verified User
          현직원 · I***** · 경영지원·관리 전문가 - 2021.08.23",2021.08.23,Rating Score1.0,“그냥.. 다니는 회사”
455,"Verified User
          현직원 · O***** · 영업 전문가 - 2021.08.23",2021.08.23,Rating Score2.0,"“좋은 회사, 리딩컴퍼니”"
456,"Verified User
          현직원 · c***** · 금융상담·관리 전문가 - 2021.08.20",2021.08.20,Rating Score2.0,“지는 해”
457,"Verified User
          현직원 · 갓****** · 금융상담·관리 전문가 - 2021.08.20",2021.08.20,Rating Score2.0,“회사는 좋으나 토나오는 보험업 근데이걸 삼성스럽게 경쟁시켜 직원들이 더 힘든”
458,"Verified User
          현직원 · d***** · 회계·세무·재무 전문가 - 2021.08.19",2021.08.19,Rating Score3.0,“워라밸은 보장되는 회사”
459,"Verified User
          현직원 · l**** · 경영지원·관리 전문가 - 2021.08.19",2021.08.19,Rating Score3.0,“그냥 다니는 회사”
460,"Verified User
          현직원 · 7******** · 경영지원·관리 전문가 - 2021.08.17",2021.08.17,Rating Score1.0,“절대 오면안되는 회사”
461,"Verified User
          현직원 · e***** · 경영지원·관리 전문가 - 2021.08.12",2021.08.12,Rating Score4.0,“지금은 좋지만 미래는 물음표”
462,"Verified User
          현직원 · e***** · 경영지원·관리 전문가 - 2021.08.11",2021.08.11,Rating Score3.0,“이름타이틀 은 있다”
463,"Verified User
          현직원 · d***** · 고객서비스 전문가 - 2021.08.10",2021.08.10,Rating Score4.0,“그럭저럭 회사”
464,"Verified User
          현직원 · t***** · 영업 전문가 - 2021.08.09",2021.08.09,Rating Score3.0,“그냥 다니기 좋은 회사”
465,"Verified User
          현직원 · K***** · 영업 전문가 - 2021.08.09",2021.08.09,Rating Score3.0,“직원을 자산이 아닌 비용으로 생각하는 회사”
466,"Verified User
          현직원 · 1********* · 경영지원·관리 전문가 - 2021.08.08",2021.08.08,Rating Score3.0,“직무바이직무인 회사”
467,"Verified User
          현직원 · P***** · 금융상담·관리 전문가 - 2021.08.07",2021.08.07,Rating Score3.0,“그냥.....애정없는 회사”
468,"Verified User
          현직원 · |******** · 영업 전문가 - 2021.08.05",2021.08.05,Rating Score3.0,“경영진 리스크가 있는회사”
469,"Verified User
          현직원 · i********* · 경영지원·관리 전문가 - 2021.08.05",2021.08.05,Rating Score2.0,“채용설명회 때 좀 더 솔직해지셨으면 좋겠어요 ^^;;”
470,"Verified User
          현직원 · S**** · 영업 전문가 - 2021.08.04",2021.08.04,Rating Score4.0,“정년이 보장되는 회사”
471,"Verified User
          현직원 · i********* · 금융상담·관리 전문가 - 2021.08.04",2021.08.04,Rating Score1.0,“업무초고강도 급여 타사대비열위”
472,"Verified User
          현직원 · 더***** · 경영전략·사업기획·분석전문가 - 2021.08.01",2021.08.01,Rating Score2.0,“무능한 경영진에 소통 부재”
473,"Verified User
          현직원 · n***** · 영업 전문가 - 2021.07.31",2021.07.31,Rating Score3.0,“미래가 안보임”
474,"Verified User
          현직원 · a***** · 금융상담·관리 전문가 - 2021.07.29",2021.07.29,Rating Score1.0,“오면 백퍼 후회하는 회사”
475,"Verified User
          현직원 · d******** · 회계·세무·재무 전문가 - 2021.07.29",2021.07.29,Rating Score1.0,“쓰레기같은회사”
476,"Verified User
          현직원 · R***** · 회계·세무·재무 전문가 - 2021.07.28",2021.07.28,Rating Score3.0,“워라밸이 어느 정도 보장됨”
477,"Verified User
          현직원 · D***** · 고객상담 전문가 - 2021.07.28",2021.07.28,Rating Score1.0,“어질어질하다”
478,"Verified User
          현직원 · l******** · 경영지원·관리 전문가 - 2021.07.28",2021.07.28,Rating Score2.0,“과거에는 찬란했으나 미래는 없어보임”
479,"Verified User
          전직원 · e***** · 경영전략·사업기획·분석전문가 - 2021.07.27",2021.07.27,Rating Score2.0,“노력대비 급여는 나쁘지 않다”
480,"Verified User
          현직원 · h******* · 영업 전문가 - 2021.07.27",2021.07.27,Rating Score3.0,“워라벨만 좋은회사”
481,"Verified User
          현직원 · g***** · 금융상담·관리 전문가 - 2021.07.26",2021.07.26,Rating Score1.0,“경영진의 내로남불”
482,"Verified User
          현직원 · o******* · 금융상담·관리 전문가 - 2021.07.25",2021.07.25,Rating Score3.0,“미래가 걱정되는 회사”
483,"Verified User
          현직원 · Q***** · 영업 전문가 - 2021.07.25",2021.07.25,Rating Score1.0,“연봉은 업계 하위사 수준.업무랑 쪼임은 업계 1위”
484,"Verified User
          현직원 · L***** · 경영지원·관리 전문가 - 2021.07.23",2021.07.23,Rating Score4.0,“시작할 기회가 있는곳”
485,"Verified User
          현직원 · 현*** · 영업 전문가 - 2021.07.23",2021.07.23,Rating Score5.0,“워라벨과 자기개발 가능”
486,"Verified User
          현직원 · l******** · 경영지원·관리 전문가 - 2021.07.22",2021.07.22,Rating Score4.0,“미래가 없는 회사”
487,"Verified User
          현직원 · L*** · 고객서비스 전문가 - 2021.07.20",2021.07.20,Rating Score4.0,“다닐만은 한 회사”
488,"Verified User
          현직원 · e***** · 경영지원·관리 전문가 - 2021.07.19",2021.07.19,Rating Score3.0,“생각없이 그냥저냥 다니기조은회사”
489,"Verified User
          현직원 · 이******** · 영업 전문가 - 2021.07.18",2021.07.18,Rating Score2.0,“이제는허울만 남은회사 ”
490,"Verified User
          현직원 · Q***** · 금융상담·관리 전문가 - 2021.07.14",2021.07.14,Rating Score2.0,“나를 잃어버리게 만드는 회사”
491,"Verified User
          현직원 · s**** · 고객상담 전문가 - 2021.07.12",2021.07.12,Rating Score2.0,“삼성의 실적주의와 보험회사의 주먹구구식의 환장의 콜라보”
492,"Verified User
          현직원 · !****** · 경영지원·관리 전문가 - 2021.07.10",2021.07.10,Rating Score4.0,“그냥 저냥 대기업”
493,"Verified User
          현직원 · k**** · 금융상담·관리 전문가 - 2021.07.06",2021.07.06,Rating Score2.0,“급여는 최하 업무강도는 최상 책임회피하기 바쁜 경영진”
494,"Verified User
          현직원 · d***** · 회계·세무·재무 전문가 - 2021.07.06",2021.07.06,Rating Score1.0,“비전이 없는 회사”
495,"Verified User
          현직원 · N***** · 고객상담 전문가 - 2021.07.03",2021.07.03,Rating Score3.0,“워라벨 굿”
496,"Verified User
          현직원 · 안******* · 고객상담 전문가 - 2021.07.01",2021.07.01,Rating Score1.0,“앞으로 하락세가 예상되는 회사”
497,"Verified User
          현직원 · X***** · 금융상담·관리 전문가 - 2021.06.30",2021.06.30,Rating Score1.0,“6시칼퇴로 빨라져서 퇴근후 운동가능”
498,"Verified User
          현직원 · P***** · 경영전략·사업기획·분석전문가 - 2021.06.26",2021.06.26,Rating Score1.0,“업의 본질보다는 하루 더 월급받기 위해 다니는 리더들이 있는 회사”
499,"Verified User
          현직원 · !********* · 회계·세무·재무 전문가 - 2021.06.25",2021.06.25,Rating Score5.0,“좋은 회사”
500,"Verified User
          현직원 · I***** · 영업 전문가 - 2021.06.25",2021.06.25,Rating Score1.0,“꼰대화재”
501,"Verified User
          현직원 · l********* · 경영지원·관리 전문가 - 2021.06.21",2021.06.21,Rating Score2.0,“점점 침몰해가는 배”
502,"Verified User
          현직원 · L***** · 상품기획·MD·디자이너 - 2021.06.18",2021.06.18,Rating Score3.0,“직원 보기를 돌같이 하는 회사”
503,"Verified User
          현직원 · i********* · 금융상담·관리 전문가 - 2021.06.17",2021.06.17,Rating Score5.0,“1등 자부심”
504,"Verified User
          현직원 · 잘********* · 영업 전문가 - 2021.06.17",2021.06.17,Rating Score1.0,“점점퇴보중”
505,"Verified User
          현직원 · k******** · 영업 전문가 - 2021.06.16",2021.06.16,Rating Score3.0,“지는별”
506,"Verified User
          현직원 · i******* · 고객서비스 전문가 - 2021.06.14",2021.06.14,Rating Score3.0,“겉모습만 좋은 회사”
507,"Verified User
          현직원 · g***** · 경영지원·관리 전문가 - 2021.06.14",2021.06.14,Rating Score3.0,“미래가 암담한 회사”
508,"Verified User
          현직원 · b***** · 금융상담·관리 전문가 - 2021.06.11",2021.06.11,Rating Score3.0,“평범한 보험사”
509,"Verified User
          현직원 · L***** · 경영지원·관리 전문가 - 2021.06.08",2021.06.08,Rating Score2.0,“그냥 대기업”
510,"Verified User
          현직원 · t***** · IT 기획·매니지먼트 전문가 - 2021.06.08",2021.06.08,Rating Score4.0,“부서 바이 부서가 심한 회사”
511,"Verified User
          현직원 · w***** · 경영지원·관리 전문가 - 2021.06.06",2021.06.06,Rating Score2.0,“영혼을 빼고 다니면 다닐만한 회사.”
512,"Verified User
          현직원 · 로***** · 언론인 - 2021.06.05",2021.06.05,Rating Score1.0,“미레가 앖다”
513,"Verified User
          현직원 · i******** · 경영지원·관리 전문가 - 2021.06.05",2021.06.05,Rating Score4.0,“욕심 없이 다니면 괜찮은 회사”
514,"Verified User
          현직원 · 민** · 금융상담·관리 전문가 - 2021.06.05",2021.06.05,Rating Score4.0,“세대교체 및 체질개선 필요”
515,"Verified User
          현직원 · O***** · 경영지원·관리 전문가 - 2021.06.05",2021.06.05,Rating Score4.0,“돈을 줄이면서 워라벨을 올리는 회사”
516,"Verified User
          현직원 · f***** · 경영지원·관리 전문가 - 2021.06.03",2021.06.03,Rating Score2.0,“서서히 저물어가고 있는 별”
517,"Verified User
          현직원 · 모******** · 금융상담·관리 전문가 - 2021.06.01",2021.06.01,Rating Score1.0,"“매출목표는 도전적으로, 근로문화는 늘하던대로”"
518,"Verified User
          현직원 · W***** · 고객서비스 전문가 - 2021.05.31",2021.05.31,Rating Score4.0,“경영진만 정신차리면 된다”
519,"Verified User
          현직원 · l***** · 경영지원·관리 전문가 - 2021.05.30",2021.05.30,Rating Score3.0,“배울게 많음”
520,"Verified User
          현직원 · q*** · 금융상담·관리 전문가 - 2021.05.29",2021.05.29,Rating Score4.0,“일 하는법을 안다면 좋은 회사”
521,"Verified User
          현직원 · J***** · 금융상담·관리 전문가 - 2021.05.29",2021.05.29,Rating Score3.0,“찬란했던 과거를 뒤로하고 경영진 리스크가 큰 곳 ”
522,"Verified User
          현직원 · d********* · 경영전략·사업기획·분석전문가 - 2021.05.27",2021.05.27,Rating Score2.0,“비글로벌 회사”
523,"Verified User
          현직원 · 1********* · IT 기획·매니지먼트 전문가 - 2021.05.26",2021.05.26,Rating Score1.0,“개선 필요”
524,"Verified User
          현직원 · 오**** · 영업 전문가 - 2021.05.25",2021.05.25,Rating Score3.0,“오래다닐회사는 아님”
525,"Verified User
          현직원 · 둘** · 영업 전문가 - 2021.05.23",2021.05.23,Rating Score2.0,“워라밸은 보장되나 급여가 짜다”
526,"Verified User
          현직원 · t***** · 금융상담·관리 전문가 - 2021.05.21",2021.05.21,Rating Score4.0,“타이틀이 있는 회사”
527,"Verified User
          현직원 · g***** · 금융상담·관리 전문가 - 2021.05.15",2021.05.15,Rating Score1.0,“대한민국 손보업계의 타이타닉”
528,"Verified User
          현직원 · L***** · 경영지원·관리 전문가 - 2021.05.13",2021.05.13,Rating Score2.0,“분위기가 점점 안 좋아지고 있는 회사”
529,"Verified User
          현직원 · H***** · 금융상담·관리 전문가 - 2021.05.09",2021.05.09,Rating Score1.0,“미래가 걱정되는 회사”
530,"Verified User
          현직원 · r***** · 영업 전문가 - 2021.05.08",2021.05.08,Rating Score3.0,"“급여는 정체, 워라밸은 좋아지고 있음”"
531,"Verified User
          현직원 · s******* · 회계·세무·재무 전문가 - 2021.05.08",2021.05.08,Rating Score3.0,“지금은 괜찮지만 10년 후가 걱정되는 회사”
532,"Verified User
          현직원 · d***** · 경영지원·관리 전문가 - 2021.05.05",2021.05.05,Rating Score2.0,“과거의 영광에 기대어 여영부영 침몰 중”
533,"Verified User
          현직원 · Y***** · 경영지원·관리 전문가 - 2021.05.05",2021.05.05,Rating Score4.0,“규모가 큰 회사”
534,"Verified User
          현직원 · d****** · 영업 전문가 - 2021.05.03",2021.05.03,Rating Score3.0,“점점 바닥보는 회사”
535,"Verified User
          현직원 · 꼬**** · 금융상담·관리 전문가 - 2021.05.02",2021.05.02,Rating Score4.0,“좋은 회사이긴한데 이제는 뭔가 변화가 필요한 시기”
536,"Verified User
          현직원 · u***** · 고객서비스 전문가 - 2021.05.02",2021.05.02,Rating Score1.0,“미래가없다”
537,"Verified User
          현직원 · i********* · 금융상담·관리 전문가 - 2021.05.01",2021.05.01,Rating Score3.0,“적폐가득”
538,"Verified User
          현직원 · i***** · 경영지원·관리 전문가 - 2021.05.01",2021.05.01,Rating Score3.0,“부바부 직바직이겠지만 워라밸은 한국 최고인 듯?”
539,"Verified User
          현직원 · z******** · 법무·지적재산권 전문가 - 2021.05.01",2021.05.01,Rating Score2.0,“그냥 이름만 삼성”
540,"Verified User
          현직원 · x***** · 마케팅·홍보 전문가 - 2021.04.30",2021.04.30,Rating Score1.0,“일하기 힘든 회사”
541,"Verified User
          현직원 · V****** · 영업 전문가 - 2021.04.29",2021.04.29,Rating Score3.0,“급여경쟁력 떨어지는중”
542,"Verified User
          현직원 · 늴****** · 영업 전문가 - 2021.04.29",2021.04.29,Rating Score3.0,“아무 생각없이 오래 다닐 회사”
543,"Verified User
          현직원 · r***** · 금융상담·관리 전문가 - 2021.04.28",2021.04.28,Rating Score4.0,“커리어관리 필요없으면 얇고길게가긴좋음”
544,"Verified User
          현직원 · 삼******** · 경영지원·관리 전문가 - 2021.04.27",2021.04.27,Rating Score3.0,“입사하고 딱 10년만 고생하면 평생 놀수 있는 회사”
545,"Verified User
          현직원 · d******* · 영업 전문가 - 2021.04.27",2021.04.27,Rating Score2.0,“삼성화재는 침몰 중”
546,"Verified User
          현직원 · i***** · 영업 전문가 - 2021.04.27",2021.04.27,Rating Score4.0,“보수적이며 안정성을 추구하는 회사”
547,"Verified User
          현직원 · y***** · 경영지원·관리 전문가 - 2021.04.26",2021.04.26,Rating Score2.0,“별로”
548,"Verified User
          현직원 · 조******* · 영업 전문가 - 2021.04.26",2021.04.26,Rating Score3.0,“괜찮았었던 회사”
549,"Verified User
          현직원 · j********* · 경영지원·관리 전문가 - 2021.04.25",2021.04.25,Rating Score2.0,“공무원보다 편하고 돈은 괜찮게 받는회사”
550,"Verified User
          현직원 · 날**** · 금융상담·관리 전문가 - 2021.04.25",2021.04.25,Rating Score2.0,“경영진 리스크가 큰 회사”
551,"Verified User
          현직원 · R***** · 금융상담·관리 전문가 - 2021.04.25",2021.04.25,Rating Score1.0,“출퇴근이 과거보다 좋아짐 다른건 나빠짐”
552,"Verified User
          현직원 · G***** · IT 기획·매니지먼트 전문가 - 2021.04.25",2021.04.25,Rating Score1.0,“이런회사 다닐 필요가 있을지”
553,"Verified User
          현직원 · l********* · 금융상담·관리 전문가 - 2021.04.25",2021.04.25,Rating Score1.0,“능력없는 사람에게 최고의 회사”
554,"Verified User
          현직원 · o***** · 언론인 - 2021.04.25",2021.04.25,Rating Score1.0,“특정대학이거나 부모님이 그룹임원이면 개추. ”
555,"Verified User
          현직원 · 퇴**** · 영업 전문가 - 2021.04.25",2021.04.25,Rating Score1.0,“돈마저 안주는 회사”
556,"Verified User
          현직원 · l******** · 영업 전문가 - 2021.04.25",2021.04.25,Rating Score1.0,“연봉에 비해 사람만 갈아대는 회사”
557,"Verified User
          현직원 · p***** · 경영지원·관리 전문가 - 2021.04.24",2021.04.24,Rating Score3.0,“과거의 영광에서 벗어나지 못한 회사”
558,"Verified User
          현직원 · 3******* · 금융상담·관리 전문가 - 2021.04.24",2021.04.24,Rating Score2.0,“침몰하는 배에서 탈출합니다”
559,"Verified User
          현직원 · R***** · 상품기획·MD·디자이너 - 2021.04.24",2021.04.24,Rating Score1.0,“무너져가는 기와집”
560,"Verified User
          현직원 · m******** · 경영전략·사업기획·분석전문가 - 2021.04.24",2021.04.24,Rating Score1.0,"“꼰대의, 꼰대를 위한, 꼰대에 의한”"
561,"Verified User
          현직원 · a***** · 경영지원·관리 전문가 - 2021.04.24",2021.04.24,Rating Score4.0,“과거에는 좋았으나 미래는 걱정됨”
562,"Verified User
          현직원 · i********* · 경영지원·관리 전문가 - 2021.04.24",2021.04.24,Rating Score1.0,“언제망해서 사라질지 모르는 회사... 직원대우 최악”
563,"Verified User
          현직원 · L***** · IT 기획·매니지먼트 전문가 - 2021.04.24",2021.04.24,Rating Score4.0,“한국적 대기업에서 변화기를 겪고 있는 회사”
564,"Verified User
          현직원 · y******* · 경영지원·관리 전문가 - 2021.04.23",2021.04.23,Rating Score3.0,“내부직원 출신 사장이후 직원들의 정서가 급격히 안좋아짐”
565,"Verified User
          현직원 · i********* · 경영지원·관리 전문가 - 2021.04.22",2021.04.22,Rating Score2.0,“직원 갈아서 돌아가는 회사”
566,"Verified User
          현직원 · y***** · 회계·세무·재무 전문가 - 2021.04.22",2021.04.22,Rating Score2.0,“굳이 오지 마시길”
567,"Verified User
          현직원 · (**** · IT 엔지니어 - 2021.04.22",2021.04.22,Rating Score2.0,“업무역량은 확실히 느는 회사”
568,"Verified User
          현직원 · 일********* · 상품기획·MD·디자이너 - 2021.04.22",2021.04.22,Rating Score1.0,“적절한 급여 받으면서 먹튀하기 좋은회사”
569,"Verified User
          현직원 · d******* · 회계·세무·재무 전문가 - 2021.04.21",2021.04.21,Rating Score3.0,“애매”
570,"Verified User
          현직원 · 오********* · 영업 전문가 - 2021.04.21",2021.04.21,Rating Score5.0,“어디가도 부끄럽지 않은 직장”
571,"Verified User
          현직원 · n***** · 경영지원·관리 전문가 - 2021.04.19",2021.04.19,Rating Score2.0,“돈은 벌지만 애매하고 업무강도는 최고수준”
572,"Verified User
          현직원 · |****** · 경영전략·사업기획·분석전문가 - 2021.04.19",2021.04.19,Rating Score2.0,“사람 갈아서 실적 만드는 회사”
573,"Verified User
          현직원 · 2******* · 금융상담·관리 전문가 - 2021.04.17",2021.04.17,Rating Score3.0,“문화빼곤.. 그닥”
574,"Verified User
          현직원 · T***** · 경영전략·사업기획·분석전문가 - 2021.04.16",2021.04.16,Rating Score3.0,“급여와 워라밸 굿 커리어 성장 배드”
575,"Verified User
          현직원 · P****** · 경영지원·관리 전문가 - 2021.04.15",2021.04.15,Rating Score2.0,“사람도 안뽑고 있는 사람만 죽어나감”
576,"Verified User
          현직원 · a*** · 해외영업·사업개발·마케팅 - 2021.04.15",2021.04.15,Rating Score4.0,“안정적이지만 답답한 회사”
577,"Verified User
          현직원 · w******** · 고객서비스 전문가 - 2021.04.15",2021.04.15,Rating Score1.0,“탈출은 지능순”
578,"Verified User
          현직원 · U**** · 고객상담 전문가 - 2021.04.12",2021.04.12,Rating Score3.0,“돈은 좀 줌. 커리어를 포기한다면”
579,"Verified User
          현직원 · c***** · 영업 전문가 - 2021.04.09",2021.04.09,Rating Score3.0,“이름으로만 먹고 들어감”
580,"Verified User
          현직원 · F***** · 영업 전문가 - 2021.04.09",2021.04.09,Rating Score1.0,“한때의 리딩컴패니 현재의 퍽킹컴패니”
581,"Verified User
          현직원 · C***** · 마케팅·홍보 전문가 - 2021.04.09",2021.04.09,Rating Score3.0,“무난함이 강정인곳”
582,"Verified User
          현직원 · d***** · 금융상담·관리 전문가 - 2021.04.08",2021.04.08,Rating Score3.0,“급여에 비해 업무강도 셈”
583,"Verified User
          현직원 · b**** · 영업 전문가 - 2021.04.08",2021.04.08,Rating Score2.0,“백오피스로 고민없이 다닐사람만”
584,"Verified User
          현직원 · s***** · 고객서비스 전문가 - 2021.04.08",2021.04.08,Rating Score3.0,“전형적인 대기업”
585,"Verified User
          현직원 · g****** · 영업 전문가 - 2021.04.05",2021.04.05,Rating Score1.0,“무너지는 회사”
586,"Verified User
          현직원 · 루**** · 금융상담·관리 전문가 - 2021.04.02",2021.04.02,Rating Score3.0,“급여 좀 올려주세여”
587,"Verified User
          현직원 · W*** · 정보보안·IT보안 - 2021.04.02",2021.04.02,Rating Score3.0,“그냥 그럭저럭 다닐만한 회사”
588,"Verified User
          현직원 · i******* · 영업 전문가 - 2021.04.02",2021.04.02,Rating Score3.0,“예전엔 돈이라도 많이 줬지만...”
589,"Verified User
          현직원 · z***** · 경영지원·관리 전문가 - 2021.04.01",2021.04.01,Rating Score3.0,"“이름만 삼성, 보험사라 아직도 라떼문화 농업적근면성 중요시”"
590,"Verified User
          현직원 · C***** · 경영지원·관리 전문가 - 2021.04.01",2021.04.01,Rating Score2.0,“더이상은 아닌것같습니다 ㅠㅠ”
591,"Verified User
          현직원 · 꼰****** · 경영지원·관리 전문가 - 2021.04.01",2021.04.01,Rating Score2.0,“워라밸 빼곤 아무것도 없는 회사”
592,"Verified User
          현직원 · i****** · 경영지원·관리 전문가 - 2021.04.01",2021.04.01,Rating Score2.0,“늦기전에 떠나라”
593,"Verified User
          현직원 · 1********* · 금융상담·관리 전문가 - 2021.04.01",2021.04.01,Rating Score3.0,“워라벨 보장 준공무원”
594,"Verified User
          현직원 · B*** · 금융상담·관리 전문가 - 2021.03.31",2021.03.31,Rating Score5.0,“최고의 능력있는회사”
595,"Verified User
          현직원 · n***** · 금융상담·관리 전문가 - 2021.03.29",2021.03.29,Rating Score3.0,“급여 및 복지는 좋음”
596,"Verified User
          현직원 · i********* · 금융상담·관리 전문가 - 2021.03.28",2021.03.28,Rating Score2.0,“삼성 타이틀 빼면 남는게 없음”
597,"Verified User
          현직원 · 파**** · 영업 전문가 - 2021.03.28",2021.03.28,Rating Score2.0,“월급을 많이 줬다더라고”
598,"Verified User
          현직원 · I********* · 경영지원·관리 전문가 - 2021.03.28",2021.03.28,Rating Score3.0,“워라벨은 좋아지는 회사”
599,"Verified User
          현직원 · 미********** · 금융상담·관리 전문가 - 2021.03.26",2021.03.26,Rating Score3.0,“삼성이란 그 이름 말고는 미래가 없어보임”
600,"Verified User
          현직원 · p***** · 환경·안전·보건 전문가 - 2021.03.25",2021.03.25,Rating Score3.0,“망해가는것같다”
601,"Verified User
          현직원 · 퇴******** · 금융상담·관리 전문가 - 2021.03.24",2021.03.24,Rating Score3.0,“예전의 영광은 있으나 지금은....”
602,"Verified User
          현직원 · d********* · 경영지원·관리 전문가 - 2021.03.24",2021.03.24,Rating Score3.0,“돈은 좀 줬었던 회사 (과거형)”
603,"Verified User
          현직원 · 든******* · 경영전략·사업기획·분석전문가 - 2021.03.24",2021.03.24,Rating Score3.0,“이젠 돈도 안줌”
604,"Verified User
          현직원 · !***** · 경영지원·관리 전문가 - 2021.03.22",2021.03.22,Rating Score1.0,“침몰하는 항공모함”
605,"Verified User
          현직원 · 가********* · 영업 전문가 - 2021.03.22",2021.03.22,Rating Score3.0,“그럭저럭”
606,"Verified User
          현직원 · m***** · 영업 전문가 - 2021.03.22",2021.03.22,Rating Score3.0,“부바부가 심한 회사 (부서 by 부서)”
607,"Verified User
          현직원 · s***** · 영업 전문가 - 2021.03.20",2021.03.20,Rating Score2.0,“그냥 다니는 회사”
608,"Verified User
          현직원 · m***** · 영업 전문가 - 2021.03.20",2021.03.20,Rating Score3.0,“복지와 급여는 괜찮지만 가성비좋은 배터리가 되는 회사”
609,"Verified User
          현직원 · i******* · IT 기획·매니지먼트 전문가 - 2021.03.20",2021.03.20,Rating Score4.0,“앞날이 어두움”
610,"Verified User
          현직원 · p****** · 법무·지적재산권 전문가 - 2021.03.19",2021.03.19,Rating Score4.0,“직장생활 시작하기 좋은 회사”
611,"Verified User
          현직원 · o******** · 경영지원·관리 전문가 - 2021.03.19",2021.03.19,Rating Score3.0,“예전에는 잘 나갔지”
612,"Verified User
          현직원 · s****** · 경영지원·관리 전문가 - 2021.03.19",2021.03.19,Rating Score3.0,“이름만 삼성...”
613,"Verified User
          현직원 · 쿠*** · 영업 전문가 - 2021.03.18",2021.03.18,Rating Score1.0,“과거로 돌아간다면 차라리 공무원 준비를 했다.”
614,"Verified User
          현직원 · w********* · 경영지원·관리 전문가 - 2021.03.15",2021.03.15,Rating Score1.0,“워라밸만 보장됨(부서에따라 다름)”
615,"Verified User
          현직원 · i****** · 영업 전문가 - 2021.03.14",2021.03.14,Rating Score2.0,“근현대적 꼰대회사의 표본 ”
616,"Verified User
          현직원 · Y***** · 고객서비스 전문가 - 2021.03.13",2021.03.13,Rating Score1.0,“임원 성과급은 상승 직원 성과급는 하락”
617,"Verified User
          현직원 · m******** · 경영지원·관리 전문가 - 2021.03.12",2021.03.12,Rating Score4.0,“보고서 문화”
618,"Verified User
          현직원 · 이******** · 영업 전문가 - 2021.03.12",2021.03.12,Rating Score3.0,“뭐 실적 압박이랑 비전 없는거 빼고는 좋은 회사”
619,"Verified User
          현직원 · u******** · 금융상담·관리 전문가 - 2021.03.11",2021.03.11,Rating Score3.0,“미래와 활력을 잃어버린 조직”
620,"Verified User
          현직원 · G**** · 마케팅·홍보 전문가 - 2021.03.11",2021.03.11,Rating Score2.0,“공무원 같은 사기업”
621,"Verified User
          현직원 · 서****** · 마케팅·홍보 전문가 - 2021.03.10",2021.03.10,Rating Score2.0,“업계1위라는 네임밸류 하나로 버티라고 직원들 내모는 회사”
622,"Verified User
          현직원 · g******** · 경영지원·관리 전문가 - 2021.03.10",2021.03.10,Rating Score5.0,“좋은데..음....”
623,"Verified User
          현직원 · f***** · 경영지원·관리 전문가 - 2021.03.08",2021.03.08,Rating Score3.0,“대고객부서만 아니면 근로가 나쁘진 않음”
624,"Verified User
          현직원 · c******* · 경영전략·사업기획·분석전문가 - 2021.03.07",2021.03.07,Rating Score4.0,“안정적인 국내 보험사”
625,"Verified User
          현직원 · O***** · 경영지원·관리 전문가 - 2021.03.06",2021.03.06,Rating Score1.0,“무능한 경영진. 대리때 필드경험 이후로는 현장근처에도 가본적 없어서 감이 전혀없음. 상무는 거의 다 간신배만 남은 것 같음. 바른 소리하고 열정있는 사람은 부장전에 아웃되거나 퇴사함. 현재 사장 집권이후로 폭망”
626,"Verified User
          현직원 · l********* · 금융상담·관리 전문가 - 2021.03.06",2021.03.06,Rating Score1.0,“워라밸만 좋음”
627,"Verified User
          전직원 · W***** · 마케팅·홍보 전문가 - 2021.03.03",2021.03.03,Rating Score1.0,“sds없으면 아무것도 못한다 생각하는..후진하는 회사”
628,"Verified User
          현직원 · f***** · 금융상담·관리 전문가 - 2021.03.03",2021.03.03,Rating Score2.0,“내리막길”
629,"Verified User
          현직원 · t****** · 경영전략·사업기획·분석전문가 - 2021.03.03",2021.03.03,Rating Score3.0,“변화가 구조적으로 어려운 회사”
630,"Verified User
          현직원 · p***** · 금융상담·관리 전문가 - 2021.03.02",2021.03.02,Rating Score3.0,“워라벨이 보장되는 회사”
631,"Verified User
          현직원 · E***** · 금융상담·관리 전문가 - 2021.02.28",2021.02.28,Rating Score3.0,“너무 힘이 드는 회사 ”
632,"Verified User
          현직원 · l********* · 금융상담·관리 전문가 - 2021.02.22",2021.02.22,Rating Score3.0,“무늬만 삼성”
633,"Verified User
          현직원 · P***** · 경영지원·관리 전문가 - 2021.02.22",2021.02.22,Rating Score2.0,“바보같은 경영진이 자기만 바보가 아닌줄 아는 회사”
634,"Verified User
          현직원 · j******** · 고객서비스 전문가 - 2021.02.17",2021.02.17,Rating Score3.0,“핸들이 고장난 8톤 츄럭”
635,"Verified User
          현직원 · 기******* · 경영지원·관리 전문가 - 2021.02.17",2021.02.17,Rating Score2.0,“침몰하는 타이타닉”
636,"Verified User
          현직원 · y***** · 고객서비스 전문가 - 2021.02.17",2021.02.17,Rating Score2.0,“할많하않”
637,"Verified User
          현직원 · Q******** · 영업 전문가 - 2021.02.16",2021.02.16,Rating Score3.0,“그어떤 상황에서도 목표의식과 성과주의를 감당할수있다면 당신을 위한 회사”
638,"Verified User
          현직원 · o***** · 경영지원·관리 전문가 - 2021.02.16",2021.02.16,Rating Score3.0,“탈삼성이 간절한 금융가의 둘째”
639,"Verified User
          현직원 · i********* · 영업 전문가 - 2021.02.15",2021.02.15,Rating Score3.0,“워라밸은 개선중 급여는 주가와함께 떡락중”
640,"Verified User
          현직원 · a******** · 영업 전문가 - 2021.02.14",2021.02.14,Rating Score3.0,“1등인줄 알고 착각하는 경영진”
641,"Verified User
          현직원 · c***** · 금융상담·관리 전문가 - 2021.02.11",2021.02.11,Rating Score3.0,“미래를 대비해야 하는 회사”
642,"Verified User
          현직원 · R***** · 경영지원·관리 전문가 - 2021.02.08",2021.02.08,Rating Score1.0,“에휴..”
643,"Verified User
          현직원 · N***** · 영업 전문가 - 2021.02.07",2021.02.07,Rating Score1.0,“손보업계 스탠다드. 그냥 평균”
644,"Verified User
          현직원 · F***** · 고객상담 전문가 - 2021.02.07",2021.02.07,Rating Score4.0,"“워라밸 굳, 비전은 글쎄”"
645,"Verified User
          현직원 · l********* · 경영지원·관리 전문가 - 2021.02.07",2021.02.07,Rating Score5.0,“부서별로 차이가 큰 회사”
646,"Verified User
          현직원 · h***** · 금융상담·관리 전문가 - 2021.02.07",2021.02.07,Rating Score1.0,“가라앉는 배”
647,"Verified User
          현직원 · l******* · 경영지원·관리 전문가 - 2021.02.04",2021.02.04,Rating Score2.0,“미래가 불투명한 회사”
648,"Verified User
          현직원 · y********* · 회계·세무·재무 전문가 - 2021.02.04",2021.02.04,Rating Score1.0,“맨날 1등이라 외치고 급여는 업계 최하위인 회사”
649,"Verified User
          현직원 · C***** · 금융상담·관리 전문가 - 2021.02.03",2021.02.03,Rating Score1.0,"“직원들이 똑똑함, 임원들은...”"
650,"Verified User
          현직원 · I******* · 영업 전문가 - 2021.02.02",2021.02.02,Rating Score2.0,“아쉬움이 많은 회사”
651,"Verified User
          현직원 · M***** · 금융상담·관리 전문가 - 2021.02.01",2021.02.01,Rating Score3.0,“조용히 다니기 좋음”
652,"Verified User
          현직원 · d********* · 마케팅·홍보 전문가 - 2021.01.30",2021.01.30,Rating Score3.0,“탈삼성하면 좀 나아지려나?”
653,"Verified User
          현직원 · i******* · 마케팅·홍보 전문가 - 2021.01.30",2021.01.30,Rating Score3.0,“워라벨은 좋아짐”
654,"Verified User
          현직원 · 보****** · 영업 전문가 - 2021.01.29",2021.01.29,Rating Score1.0,“노답 침몰하는 배”
655,"Verified User
          현직원 · l******** · 정보보안·IT보안 - 2021.01.29",2021.01.29,Rating Score3.0,“한줄로 평가가 안되는 회사.”
656,"Verified User
          현직원 · 함***** · 금융상담·관리 전문가 - 2021.01.28",2021.01.28,Rating Score3.0,“침몰하는 타이타닉”
657,"Verified User
          현직원 · D***** · 영업 전문가 - 2021.01.28",2021.01.28,Rating Score5.0,“고민은 많은 회사”
658,"Verified User
          현직원 · 써**** · 영업 전문가 - 2021.01.27",2021.01.27,Rating Score3.0,“월급만 많은회사”
659,"Verified User
          현직원 · d***** · 금융상담·관리 전문가 - 2021.01.26",2021.01.26,Rating Score3.0,“직원 갈아서 겨우 굴러감”
660,"Verified User
          현직원 · :****** · 금융상담·관리 전문가 - 2021.01.25",2021.01.25,Rating Score2.0,“부동의 손보1위는 옛말. 침몰하는 배에서 탈출이 답.”
661,"Verified User
          현직원 · ՞**** · 금융상담·관리 전문가 - 2021.01.25",2021.01.25,Rating Score1.0,“워라밸만 개선되는 중”
662,"Verified User
          현직원 · 선*** · 회계·세무·재무 전문가 - 2021.01.23",2021.01.23,Rating Score3.0,“음 장기적으로 보면 힘들듯”
663,"Verified User
          현직원 · V***** · 금융상담·관리 전문가 - 2021.01.21",2021.01.21,Rating Score3.0,“직원에겐 하위사인 보험사일뿐”
664,"Verified User
          현직원 · l***** · 회계·세무·재무 전문가 - 2021.01.21",2021.01.21,Rating Score3.0,“그저 그런 회사”
665,"Verified User
          현직원 · 애*** · 경영지원·관리 전문가 - 2021.01.20",2021.01.20,Rating Score2.0,“라떼들의 변하지 않는 회사”
666,"Verified User
          현직원 · o***** · 고객서비스 전문가 - 2021.01.14",2021.01.14,Rating Score3.0,“ 예전엔 돈이라도 많이 줬지 이젠 돈도 안주고 탈출러시 시작~”
667,"Verified User
          현직원 · i******** · 경영지원·관리 전문가 - 2021.01.14",2021.01.14,Rating Score2.0,“옆의 회사는 뜨는 해인데 이 회사는 지는 해입니다”
668,"Verified User
          현직원 · 타***** · 금융상담·관리 전문가 - 2021.01.13",2021.01.13,Rating Score3.0,“회사만 업계 1위지 직원이 1등인 회사는 아닌 듯”
669,"Verified User
          현직원 · 방***** · 경영지원·관리 전문가 - 2021.01.13",2021.01.13,Rating Score4.0,“부서바이부서”
670,"Verified User
          현직원 · f**** · 영업 전문가 - 2021.01.09",2021.01.09,Rating Score4.0,“워라밸이 보장되는 회사”
671,"Verified User
          현직원 · 1**** · 경영지원·관리 전문가 - 2021.01.06",2021.01.06,Rating Score5.0,"“워라밸 최상 , 그 외에는 ...”"
672,"Verified User
          현직원 · 물**** · 고객상담 전문가 - 2021.01.05",2021.01.05,Rating Score3.0,“워라밸이 보장되지만 성장가능성을 모르겠는 회사”
673,"Verified User
          현직원 · o********* · 경영지원·관리 전문가 - 2021.01.05",2021.01.05,Rating Score3.0,“알아서 수그리는 삼성의 충신”
674,"Verified User
          현직원 · S**** · 영업 전문가 - 2021.01.04",2021.01.04,Rating Score3.0,“대기업인거 말고 장점이 없는 회사”
675,"Verified User
          현직원 · L***** · 고객서비스 전문가 - 2021.01.02",2021.01.02,Rating Score2.0,“네임밸류만 좋음 삼성계열사”
676,"Verified User
          현직원 · 8*** · 경영지원·관리 전문가 - 2021.01.01",2021.01.01,Rating Score4.0,“업무 및 부서에 따라 워라밸 편차가 크다”
677,"Verified User
          현직원 · z***** · 마케팅·홍보 전문가 - 2020.12.30",2020.12.30,Rating Score3.0,“야망이 클수록 비전이 생기는 회사 ”
678,"Verified User
          현직원 · y***** · 경영지원·관리 전문가 - 2020.12.28",2020.12.28,Rating Score5.0,“워라벨이 없는 회사”
679,"Verified User
          현직원 · l****** · 고객서비스 전문가 - 2020.12.28",2020.12.28,Rating Score3.0,"“워라밸은 굿, 월급은 아쉽”"
680,"Verified User
          현직원 · y***** · 금융상담·관리 전문가 - 2020.12.24",2020.12.24,Rating Score3.0,“뽑아먹는 만큼 주던 시절은 지났다”
681,"Verified User
          현직원 · F***** · 경영지원·관리 전문가 - 2020.12.23",2020.12.23,Rating Score2.0,“그래도 삼성그룹 소속.”
682,"Verified User
          현직원 · 0****** · 금융상담·관리 전문가 - 2020.12.23",2020.12.23,Rating Score5.0,“변화하는 회사”
683,"Verified User
          현직원 · U***** · 고객상담 전문가 - 2020.12.19",2020.12.19,Rating Score4.0,“워라밸이 보장되면서 안정된 회사”
684,"Verified User
          현직원 · 1***** · 영업 전문가 - 2020.12.19",2020.12.19,Rating Score3.0,“겉으로는 업스트림 속은 그대로”
685,"Verified User
          현직원 · 무***** · 영업 전문가 - 2020.12.18",2020.12.18,Rating Score3.0,“정치판”
686,"Verified User
          현직원 · X***** · 금융상담·관리 전문가 - 2020.12.17",2020.12.17,Rating Score3.0,“성과 중심의 회사”
687,"Verified User
          현직원 · I***** · 경영지원·관리 전문가 - 2020.12.16",2020.12.16,Rating Score3.0,“다녀볼만한곳”
688,"Verified User
          현직원 · 쪼**** · 영업 전문가 - 2020.12.16",2020.12.16,Rating Score4.0,“복지 연봉 사내문화 좋음 ”
689,"Verified User
          현직원 · j***** · 영업 전문가 - 2020.12.14",2020.12.14,Rating Score3.0,"“""업계 1위""타이틀의 회사 ”"
690,"Verified User
          현직원 · a***** · 영업 전문가 - 2020.12.13",2020.12.13,Rating Score2.0,“미래가 없는 과거에 젖은 회사”
691,"Verified User
          현직원 · i******** · 경영지원·관리 전문가 - 2020.12.12",2020.12.12,Rating Score3.0,“꼰대가 많음”
692,"Verified User
          현직원 · 스**** · 영업 전문가 - 2020.12.11",2020.12.11,Rating Score3.0,“그냥저냥....”
693,"Verified User
          현직원 · V***** · IT 엔지니어 - 2020.12.11",2020.12.11,Rating Score4.0,“돈만 보면 좋고 커리어를 생각하면 별로”
694,"Verified User
          현직원 · c***** · 경영지원·관리 전문가 - 2020.12.10",2020.12.10,Rating Score3.0,“더이상 기대하지말것”
695,"Verified User
          현직원 · x******* · IT 기획·매니지먼트 전문가 - 2020.12.04",2020.12.04,Rating Score4.0,“워라벨 좋습니다.”
696,"Verified User
          현직원 · n***** · 영업 전문가 - 2020.11.30",2020.11.30,Rating Score2.0,“욕심 없이 그냥저냥 다니기  딱 좋은 회사”
697,"Verified User
          현직원 · r***** · IT 엔지니어 - 2020.11.29",2020.11.29,Rating Score5.0,“워라벨 보장”
698,"Verified User
          현직원 · m***** · 고객서비스 전문가 - 2020.11.27",2020.11.27,Rating Score5.0,“자꾸 고민하게 되는 회”
699,"Verified User
          현직원 · i********* · 금융상담·관리 전문가 - 2020.11.24",2020.11.24,Rating Score3.0,"“좋았던 지난 10년, 하지만 앞으로는?”"
700,"Verified User
          현직원 · M***** · IT 엔지니어 - 2020.11.24",2020.11.24,Rating Score3.0,“적당히 다니기 좋은 회사”
701,"Verified User
          현직원 · i******** · 영업 전문가 - 2020.11.23",2020.11.23,Rating Score2.0,“장기보험을 팔지만 장기적이진 못한 곳”
702,"Verified User
          현직원 · D***** · 영업 전문가 - 2020.11.23",2020.11.23,Rating Score4.0,“업무강도는 세지만 나름 좋은 회사”
703,"Verified User
          현직원 · J***** · 마케팅·홍보 전문가 - 2020.11.22",2020.11.22,Rating Score2.0,“좋은 회사”
704,"Verified User
          현직원 · z**** · 해외영업·사업개발·마케팅 - 2020.11.22",2020.11.22,Rating Score3.0,“돈벌기좋은회사”
705,"Verified User
          현직원 · y******** · 고객서비스 전문가 - 2020.11.21",2020.11.21,Rating Score4.0,"“생각보다 좋은 워라밸, 낮은 급여”"
706,"Verified User
          현직원 · c**** · 마케팅·홍보 전문가 - 2020.11.20",2020.11.20,Rating Score3.0,“지금까지는 괜찮았으나 앞으로가 걱정인 회사”
707,"Verified User
          현직원 · b******* · 고객서비스 전문가 - 2020.11.18",2020.11.18,Rating Score3.0,“월급준만큼 부려먹는 회사”
708,"Verified User
          현직원 · i********* · 회계·세무·재무 전문가 - 2020.11.15",2020.11.15,Rating Score3.0,“공무원처럼 다닐수있는 회사”
709,"Verified User
          현직원 · P***** · 금융상담·관리 전문가 - 2020.11.14",2020.11.14,Rating Score4.0,“저성장 구간에 들어가서 각종 비용 줄이기만”
710,"Verified User
          현직원 · 도*** · 영업 전문가 - 2020.11.14",2020.11.14,Rating Score2.0,“과거의 곳간을 파먹는 회사”
711,"Verified User
          현직원 · 1******* · 회계·세무·재무 전문가 - 2020.11.13",2020.11.13,Rating Score4.0,“워라밸 보장 안되는 회사”
712,"Verified User
          현직원 · N***** · 고객서비스 전문가 - 2020.11.13",2020.11.13,Rating Score4.0,“괜찮은편”
713,"Verified User
          현직원 · N***** · 마케팅·홍보 전문가 - 2020.11.12",2020.11.12,Rating Score3.0,"“아직은 탑, 하지만 미래는...”"
714,"Verified User
          현직원 · 삼**** · 환경·안전·보건 전문가 - 2020.11.10",2020.11.10,Rating Score4.0,“잘하려고 노력하는 회사”
715,"Verified User
          현직원 · ٩********* · 경영지원·관리 전문가 - 2020.11.10",2020.11.10,Rating Score3.0,“일 못하면 편한 회사”
716,"Verified User
          현직원 · f******** · IT 엔지니어 - 2020.11.09",2020.11.09,Rating Score5.0,“함께 근무하는분들이 참 좋아요”
717,"Verified User
          현직원 · B***** · 경영지원·관리 전문가 - 2020.11.04",2020.11.04,Rating Score4.0,“워라벨 나름 보장”
718,"Verified User
          현직원 · 왕*** · 경영지원·관리 전문가 - 2020.11.02",2020.11.02,Rating Score4.0,“좋음”
719,"Verified User
          현직원 · i******** · 상품기획·MD·디자이너 - 2020.11.02",2020.11.02,Rating Score3.0,“다들 찬양하지만 직원임금 및 대우는 업계 하위”
720,"Verified User
          현직원 · l******** · 경영전략·사업기획·분석전문가 - 2020.10.26",2020.10.26,Rating Score3.0,“업계1위이지만 10년뒤에는 글쎄...”
721,"Verified User
          현직원 · i********* · 고객서비스 전문가 - 2020.10.20",2020.10.20,Rating Score3.0,“워라밸을 찾아주려고 노력중”
722,"Verified User
          현직원 · 긍***** · 경영전략·사업기획·분석전문가 - 2020.10.16",2020.10.16,Rating Score3.0,"“워라벨은 좋으나, 업무문화는 글쎄...”"
723,"Verified User
          현직원 · 까***** · 경영지원·관리 전문가 - 2020.10.15",2020.10.15,Rating Score4.0,“일하는만큼 일이 많아지는 회사”
724,"Verified User
          현직원 · l******** · 영업 전문가 - 2020.10.12",2020.10.12,Rating Score2.0,“고생 끝엔 뭐가올까”
725,"Verified User
          현직원 · ^** · IT 기획·매니지먼트 전문가 - 2020.10.10",2020.10.10,Rating Score4.0,“좋다면좋다고도볼수는있을듯...”
726,"Verified User
          현직원 · (***** · 금융상담·관리 전문가 - 2020.10.09",2020.10.09,Rating Score4.0,“훌륭한 회사”
727,"Verified User
          현직원 · f***** · 회계·세무·재무 전문가 - 2020.10.09",2020.10.09,Rating Score3.0,“보여주기식”
728,"Verified User
          현직원 · 1*** · 경영지원·관리 전문가 - 2020.10.08",2020.10.08,Rating Score4.0,“그냥 딱 삼성화재”
729,"Verified User
          현직원 · r***** · 금융상담·관리 전문가 - 2020.10.06",2020.10.06,Rating Score2.0,“직원은 노예”
730,"Verified User
          현직원 · y****** · 경영지원·관리 전문가 - 2020.10.05",2020.10.05,Rating Score3.0,“워라벨이 보장되는 회사”
731,"Verified User
          현직원 · c********* · 경영지원·관리 전문가 - 2020.10.05",2020.10.05,Rating Score5.0,“워라벨은 보장”
732,"Verified User
          현직원 · I**** · 경영전략·사업기획·분석전문가 - 2020.10.05",2020.10.05,Rating Score5.0,“나쁘지 않다”
733,"Verified User
          현직원 · l********* · 경영지원·관리 전문가 - 2020.10.04",2020.10.04,Rating Score2.0,“주선임급 갈아서 운영되는 회사 입으로 일하는 사람이 너무 많음”
734,"Verified User
          현직원 · 1********* · IT 기획·매니지먼트 전문가 - 2020.09.30",2020.09.30,Rating Score3.0,“가라앉는중”
735,"Verified User
          현직원 · z***** · 고객서비스 전문가 - 2020.09.30",2020.09.30,Rating Score5.0,“워라벨 복지 좋은회사”
736,"Verified User
          현직원 · u******* · 해외영업·사업개발·마케팅 - 2020.09.30",2020.09.30,Rating Score5.0,“우수한 인재가 모여있는 곳”
737,"Verified User
          현직원 · M***** · 영업 전문가 - 2020.09.29",2020.09.29,Rating Score3.0,“점점 나아지고있음”
738,"Verified User
          현직원 · W***** · 고객서비스 전문가 - 2020.09.29",2020.09.29,Rating Score4.0,“워라벨 보장 만족스러운 급여”
739,"Verified User
          현직원 · x***** · 경영지원·관리 전문가 - 2020.09.28",2020.09.28,Rating Score3.0,“공무원보다 더 공무원”
740,"Verified User
          현직원 · a********* · 영업 전문가 - 2020.09.28",2020.09.28,Rating Score3.0,“현장직 아니면 추천”
741,"Verified User
          현직원 · f***** · 회계·세무·재무 전문가 - 2020.09.23",2020.09.23,Rating Score3.0,“탈출하고싶어요”
742,"Verified User
          현직원 · y***** · 영업 전문가 - 2020.09.23",2020.09.23,Rating Score1.0,“어이없스트림이라고들 하더라는ᆢ”
743,"Verified User
          현직원 · z***** · 고객서비스 전문가 - 2020.09.22",2020.09.22,Rating Score3.0,“급여가 너무 낮다”
744,"Verified User
          현직원 · l******* · 경영지원·관리 전문가 - 2020.09.22",2020.09.22,Rating Score2.0,“딱 중간만 함.”
745,"Verified User
          현직원 · E***** · 경영지원·관리 전문가 - 2020.09.22",2020.09.22,Rating Score4.0,“최근 몇년간 워라밸이 급격히 좋아진 회사”
746,"Verified User
          현직원 · O***** · 영업 전문가 - 2020.09.21",2020.09.21,Rating Score2.0,“급여도 이제 한물간 회사”
747,"Verified User
          현직원 · I***** · 영업 전문가 - 2020.09.21",2020.09.21,Rating Score5.0,“승천을 위한 변곡점에 놓인 잠룡”
748,"Verified User
          전직원 · 0****** · 경영지원·관리 전문가 - 2020.09.21",2020.09.21,Rating Score5.0,“gd”
749,"Verified User
          현직원 · r** · 영업 전문가 - 2020.09.20",2020.09.20,Rating Score3.0,“눈 감고 귀 막아야 오래 버티는 회사”
750,"Verified User
          현직원 · 착**** · 영업 전문가 - 2020.09.19",2020.09.19,Rating Score3.0,“겉은 화려하지만 속은 글쎄”
751,"Verified User
          현직원 · l********* · 경영전략·사업기획·분석전문가 - 2020.09.18",2020.09.18,Rating Score2.0,“라인을 잘 타야하는 회사”
752,"Verified User
          현직원 · 면** · 고객서비스 전문가 - 2020.09.17",2020.09.17,Rating Score3.0,“직무에 따라 차이 크지만 공통적으로”
753,"Verified User
          현직원 · k********* · 연구개발(R&D) - 2020.09.15",2020.09.15,Rating Score4.0,“성과급이 잘 나올땐 좋았는데 지금은?”
754,"Verified User
          현직원 · v***** · 마케팅·홍보 전문가 - 2020.09.13",2020.09.13,Rating Score4.0,“PS만 잘 터진다면 괜츈한 회사”
755,"Verified User
          현직원 · U***** · 고객서비스 전문가 - 2020.09.13",2020.09.13,Rating Score3.0,“업무롤이 다소 불분명..”
756,"Verified User
          현직원 · 디***** · 경영지원·관리 전문가 - 2020.09.11",2020.09.11,Rating Score5.0,“호강에 겨워 요강에 똥싸는 사람들 많은 회사”
757,"Verified User
          현직원 · 건****** · 경영지원·관리 전문가 - 2020.09.10",2020.09.10,Rating Score2.0,“회사만좋은회사”
758,"Verified User
          현직원 · i********* · 하드웨어 엔지니어 - 2020.09.09",2020.09.09,Rating Score3.0,“북한 군대”
759,"Verified User
          현직원 · N***** · 영업 전문가 - 2020.09.09",2020.09.09,Rating Score4.0,“주 52시간 덕분에 워라벨”
760,"Verified User
          현직원 · ㅂ****** · 회계·세무·재무 전문가 - 2020.09.07",2020.09.07,Rating Score3.0,“그래도 이정도면....?”
761,"Verified User
          현직원 · 내******* · 영업 전문가 - 2020.09.06",2020.09.06,Rating Score1.0,“그냥 돈 주는 곳”
762,"Verified User
          현직원 · r******** · 경영지원·관리 전문가 - 2020.09.05",2020.09.05,Rating Score4.0,“삼성이라는 것이 장점이지 단점”
763,"Verified User
          현직원 · 🍓**** · 경영지원·관리 전문가 - 2020.09.03",2020.09.03,Rating Score3.0,“이때까지 중엔 젤 무난”
764,"Verified User
          현직원 · 삼*** · 경영지원·관리 전문가 - 2020.09.03",2020.09.03,Rating Score2.0,“워라밸은 커녕 인권도 보장되지 않는 회사”
765,"Verified User
          현직원 · x**** · 경영지원·관리 전문가 - 2020.09.02",2020.09.02,Rating Score3.0,“미련 없으면 편해요”
766,"Verified User
          현직원 · 신****** · 해외영업·사업개발·마케팅 - 2020.08.27",2020.08.27,Rating Score3.0,“삼성의 자부심은 옛말 직원복지나 커리어는 뒷전 실적주의”
767,"Verified User
          현직원 · 코***** · 금융상담·관리 전문가 - 2020.08.26",2020.08.26,Rating Score5.0,“예전보단 많이좋아진 급여는 안좋아진”
768,"Verified User
          현직원 · 1********* · 경영전략·사업기획·분석전문가 - 2020.08.24",2020.08.24,Rating Score4.0,“52시간 제도 아래 이 만한 회사 없음”
769,"Verified User
          현직원 · 가** · 금융상담·관리 전문가 - 2020.08.24",2020.08.24,Rating Score3.0,“힘들어요”
770,"Verified User
          현직원 · 호*** · 영업 전문가 - 2020.08.22",2020.08.22,Rating Score4.0,“좋아지는 회사”
771,"Verified User
          현직원 · g***** · 금융상담·관리 전문가 - 2020.08.22",2020.08.22,Rating Score3.0,“좋은 인재는 많으나 조직문화로 인해 그들이 제대로 빛을 못 보게 하는 회사”
772,"Verified User
          현직원 · P***** · 경영전략·사업기획·분석전문가 - 2020.08.21",2020.08.21,Rating Score3.0,"“삼성스럽지만, 삼성스럽지 않은..”"
773,"Verified User
          현직원 · W***** · 회계·세무·재무 전문가 - 2020.08.20",2020.08.20,Rating Score3.0,“보험업 특성상 일이 힘듬”
774,"Verified User
          현직원 · 에** · 영업 전문가 - 2020.08.18",2020.08.18,Rating Score4.0,“좋은 회사지만 쉽지않은 회사”
775,"Verified User
          현직원 · !******* · 경영지원·관리 전문가 - 2020.08.18",2020.08.18,Rating Score2.0,“삼성이라는 타이틀은 좋음”
776,"Verified User
          현직원 · r*** · 경영지원·관리 전문가 - 2020.08.17",2020.08.17,Rating Score3.0,"“내근직원들보다, 설계사들이 최고인회사”"
777,"Verified User
          현직원 · y***** · 회계·세무·재무 전문가 - 2020.08.16",2020.08.16,Rating Score3.0,“음”
778,"Verified User
          현직원 · l******** · 경영지원·관리 전문가 - 2020.08.15",2020.08.15,Rating Score4.0,“합리적이고 대우 좋은 회사”
779,"Verified User
          현직원 · a******* · 영업 전문가 - 2020.08.14",2020.08.14,Rating Score2.0,“그나마 삼성이기에 ”
780,"Verified User
          현직원 · 평*** · 금융상담·관리 전문가 - 2020.08.14",2020.08.14,Rating Score3.0,“삼성이라는 간판이 만들어낸 허상”
781,"Verified User
          현직원 · 컨****** · 영업 전문가 - 2020.08.13",2020.08.13,Rating Score2.0,“총무에게는별로.”
782,"Verified User
          현직원 · !******* · 영업 전문가 - 2020.08.12",2020.08.12,Rating Score3.0,"“올드한 영업방식, 균형있는듯 없는 워라밸”"
783,"Verified User
          현직원 · t***** · 영업 전문가 - 2020.08.12",2020.08.12,Rating Score1.0,“일과 삶에 구분이 잘 안가는 회사”
784,"Verified User
          현직원 · ا****** · 금융상담·관리 전문가 - 2020.08.12",2020.08.12,Rating Score3.0,“현장을 중심으로 돌아가지만 현장에 큰 관심없는 윗분들”
785,"Verified User
          현직원 · 황*** · 간호사 - 2020.08.12",2020.08.12,Rating Score4.0,“삼성이라 들어왔더니 회사는 다 똑같다”
786,"Verified User
          현직원 · 武*** · 금융상담·관리 전문가 - 2020.08.11",2020.08.11,Rating Score3.0,“매달 벌어지는 사생대회”
787,"Verified User
          현직원 · s***** · 경영지원·관리 전문가 - 2020.08.10",2020.08.10,Rating Score3.0,“본질은 오간데없고 눈치만 보다가 이것도 저것도 아닌 회사”
788,"Verified User
          현직원 · E***** · 경영전략·사업기획·분석전문가 - 2020.08.10",2020.08.10,Rating Score4.0,“서서히 침몰하는 거대 전함”
789,"Verified User
          현직원 · g******** · 경영지원·관리 전문가 - 2020.08.09",2020.08.09,Rating Score4.0,“급여는 높고 워라벨 보장됨”
790,"Verified User
          현직원 · 삼*** · 영업 전문가 - 2020.08.08",2020.08.08,Rating Score4.0,“지점장은 힘들다.. ”
791,"Verified User
          현직원 · 무****** · 경영지원·관리 전문가 - 2020.07.31",2020.07.31,Rating Score5.0,“양호함”
792,"Verified User
          현직원 · 5***** · 영업 전문가 - 2020.07.31",2020.07.31,Rating Score3.0,“손보사 1위답게 업무량과 압박이 심한 편이지만 그에 비해 연봉은 짜다.”
793,"Verified User
          현직원 · v******* · 영업 전문가 - 2020.07.31",2020.07.31,Rating Score3.0,“인생에 필요한 교육을 해주고 전문성을 기를 수 있음”
